-- MySQL dump 10.13  Distrib 5.5.59, for Linux (x86_64)
--
-- Host: db-2000-jp.cwhfznfg9kbj.ap-northeast-1.rds.amazonaws.com    Database: busenanavicom_main
-- ------------------------------------------------------
-- Server version	5.6.40-log

/*!40101 SET @OLD_CHARACTER_SET_CLIENT=@@CHARACTER_SET_CLIENT */;
/*!40101 SET @OLD_CHARACTER_SET_RESULTS=@@CHARACTER_SET_RESULTS */;
/*!40101 SET @OLD_COLLATION_CONNECTION=@@COLLATION_CONNECTION */;
/*!40101 SET NAMES utf8 */;
/*!40103 SET @OLD_TIME_ZONE=@@TIME_ZONE */;
/*!40103 SET TIME_ZONE='+00:00' */;
/*!40014 SET @OLD_UNIQUE_CHECKS=@@UNIQUE_CHECKS, UNIQUE_CHECKS=0 */;
/*!40014 SET @OLD_FOREIGN_KEY_CHECKS=@@FOREIGN_KEY_CHECKS, FOREIGN_KEY_CHECKS=0 */;
/*!40101 SET @OLD_SQL_MODE=@@SQL_MODE, SQL_MODE='NO_AUTO_VALUE_ON_ZERO' */;
/*!40111 SET @OLD_SQL_NOTES=@@SQL_NOTES, SQL_NOTES=0 */;

--
-- Table structure for table `areas`
--

DROP TABLE IF EXISTS `areas`;
/*!40101 SET @saved_cs_client     = @@character_set_client */;
/*!40101 SET character_set_client = utf8 */;
CREATE TABLE `areas` (
  `id` int(11) unsigned NOT NULL AUTO_INCREMENT,
  `name` varchar(255) DEFAULT NULL,
  `seq` int(11) DEFAULT NULL,
  `url` varchar(255) DEFAULT NULL,
  PRIMARY KEY (`id`)
) ENGINE=InnoDB AUTO_INCREMENT=50 DEFAULT CHARSET=utf8;
/*!40101 SET character_set_client = @saved_cs_client */;

--
-- Dumping data for table `areas`
--

LOCK TABLES `areas` WRITE;
/*!40000 ALTER TABLE `areas` DISABLE KEYS */;
INSERT INTO `areas` VALUES (1,'六本木',1,'roppongi'),(2,'西麻布',3,'nishiazabu'),(3,'恵比寿',2,'ebisu'),(4,'銀座・新橋',3,'ginza'),(5,'赤坂',3,'akasaka'),(6,'目黒・中目黒・自由が丘',10,'meguronakameguro'),(7,'横浜・新横浜',4,'yokohamashinyokohama'),(8,'新宿',4,'shinjyuku'),(9,'青山・渋谷',9,'aoyamashibuya'),(11,'池袋',11,'ikebukuro'),(12,'赤坂',12,'akasaka'),(13,'神奈川',49,'kanagawa'),(14,'千葉',50,'chiba'),(15,'埼玉',51,'saitama'),(16,'上野',17,'ueno'),(17,'神田',18,'kanda'),(18,'中野',19,'nakano'),(19,'五反田',20,'gotanda'),(20,'赤羽',21,'akabane'),(21,'練馬',22,'nerima'),(22,'高円寺',23,'kouenji'),(23,'四谷・神楽坂',24,'yotsusyakagurazaka'),(24,'高田馬場・大久保',25,'takadanobabaookubo'),(25,'錦糸町・亀戸',26,'kinshicyoukameido'),(26,'小岩・新小岩',27,'koiwashinkoiwa'),(28,'荻窪・阿佐ヶ谷',28,'ogikuboasagaya'),(29,'秋葉原・浅草橋',29,'akihabaraasakusabashi'),(30,'田町・大門（浜松町）',30,'tamachidaimon'),(31,'品川・大井町・大森',31,'shinagawaooimachioomori'),(32,'蒲田',32,'kamata'),(33,'明大前・烏山',33,'meidaimaekarasuyama'),(34,'三軒茶屋・二子玉川',34,'sangenjyayahutagotamagawa'),(35,'下北沢・経堂',35,'shimokitazawakyoudou'),(36,'北千住・綾瀬',36,'kitasenjyuayase'),(37,'亀有・金町',37,'kamearikanamachi'),(38,'成増・板橋',38,'narimasuitabashi'),(39,'大泉学園・石神井公園',39,'ooizumisyakujii'),(40,'菊川・瑞江',40,'kikugawamizue'),(41,'大塚・巣鴨・日暮里',41,'ootsukasugamonippori'),(42,'葛西',42,'kasai'),(43,'東陽町・門前仲町',43,'touyoucyoumonzennakacyou'),(44,'吉祥寺',44,'kichijyouji'),(45,'立川',45,'tachikawa'),(46,'国分寺',46,'kokubunji'),(47,'八王子',47,'hachioji'),(48,'町田',48,'machida'),(49,'東京・大手町・日本橋・人形町',49,'tokyo');
/*!40000 ALTER TABLE `areas` ENABLE KEYS */;
UNLOCK TABLES;

--
-- Table structure for table `bars`
--

DROP TABLE IF EXISTS `bars`;
/*!40101 SET @saved_cs_client     = @@character_set_client */;
/*!40101 SET character_set_client = utf8 */;
CREATE TABLE `bars` (
  `id` int(11) unsigned NOT NULL AUTO_INCREMENT,
  `name` varchar(255) DEFAULT NULL,
  `kana` varchar(255) DEFAULT NULL,
  `category_id` int(11) DEFAULT NULL,
  `area_id` int(11) DEFAULT NULL,
  `hours` varchar(255) DEFAULT NULL,
  `address` varchar(255) DEFAULT NULL,
  `holiday` varchar(255) DEFAULT NULL,
  `saturday` varchar(255) DEFAULT '',
  `max_per_hour` varchar(255) DEFAULT NULL,
  `min_per_hour` varchar(255) DEFAULT NULL,
  `ave_per_hour` varchar(255) DEFAULT NULL,
  `tainyu` varchar(255) DEFAULT NULL,
  `daily_payment` varchar(255) DEFAULT NULL,
  `daily_payment_in_full` varchar(255) DEFAULT NULL,
  `the_last_train` varchar(255) DEFAULT NULL,
  `to_and_from` varchar(255) DEFAULT NULL,
  `to_and_from_strong` varchar(255) DEFAULT NULL,
  `penalty` varchar(255) DEFAULT NULL,
  `hairmake` varchar(255) DEFAULT NULL,
  `aaaa` varchar(255) DEFAULT NULL,
  `incidentals` varchar(255) DEFAULT NULL,
  `pay_day` varchar(255) DEFAULT NULL,
  `back` text,
  `viproom_num` varchar(255) NOT NULL DEFAULT '',
  `age_limit` varchar(255) DEFAULT NULL,
  `ichiziagari` varchar(255) DEFAULT NULL,
  `sokuzitutainyu` varchar(255) DEFAULT NULL,
  `note` text,
  `the_last_train_flag` tinyint(1) DEFAULT NULL,
  `in_full_flag` tinyint(1) DEFAULT NULL,
  `to_from_flag` tinyint(1) DEFAULT NULL,
  `saturday_flag` tinyint(1) DEFAULT NULL,
  `one_flag` tinyint(1) DEFAULT NULL,
  `tainyu_flag` tinyint(1) DEFAULT NULL,
  `age_limit_flag` tinyint(1) DEFAULT NULL,
  `penalty_flag` tinyint(1) DEFAULT NULL,
  `is_displayed` tinyint(1) DEFAULT NULL,
  `new_shop` tinyint(1) DEFAULT NULL,
  `new_shop_comment` text,
  `vip_flag` tinyint(1) DEFAULT NULL,
  `created` datetime DEFAULT NULL,
  `modified` datetime DEFAULT NULL,
  `is_deleted` tinyint(1) DEFAULT NULL,
  `new_agreement` tinyint(1) DEFAULT NULL,
  `high_fee_flag` tinyint(1) DEFAULT NULL,
  `scout_back` varchar(255) DEFAULT NULL,
  PRIMARY KEY (`id`)
) ENGINE=InnoDB AUTO_INCREMENT=1481 DEFAULT CHARSET=utf8;
/*!40101 SET character_set_client = @saved_cs_client */;

--
-- Dumping data for table `bars`
--

LOCK TABLES `bars` WRITE;
/*!40000 ALTER TABLE `bars` DISABLE KEYS */;
INSERT INTO `bars` VALUES (1001,'AZABU RESITED','アザブレジテッド',2,2,'20：00〜03：00',NULL,'日、祝日','有り','日給60000','日給7000','5000','応相談','全額翌日振り込み','可能','可能','01：00,02：00,03：00','強い','無し','無し','西麻布1-8-12','15%','翌日全額振り込み','ドリンクバック ￥1200〜￥1700、シートバック￥2000〜￥4000、ルームバック￥6000〜￥10000','7室','不可','可能','弱い','',1,1,1,1,1,0,0,1,1,0,'',1,NULL,'2019-04-28 20:24:52',NULL,NULL,0,'10日15万~'),(1002,'RETTALF','レトルフ',2,2,'20：00〜03：00',NULL,'日、祝日','有り','12000','3000','4000','3000','全額日払い','可能','可能','01：30、03：00','強い','無し','無し','西麻布2-25-23　バルビゾン27　２F','10%','月末締めの翌月15日','本指名¥8000、同伴¥4000、場内¥1000、ボトルバック、小計バック','1室','可能','可能','強い','',1,1,1,1,1,1,1,1,1,0,'',1,NULL,'2019-04-28 20:24:29',NULL,NULL,0,'10日15万~'),(1003,'SILK','シルク',2,2,'20：00〜03：00',NULL,'日、祝日','有り','8000','3000','4000','日給15000〜','前回出勤分','可能','可能','01：30、03：00','弱い','無し','無し','','10%','翌出勤全額渡し','ドリンク¥500、本指名¥3000、同伴〜22:00まで小計50%、22時〜小計20%','1室','','可能','強い','',0,1,1,1,1,1,0,1,0,0,'',0,NULL,'2017-06-16 21:40:17',NULL,NULL,NULL,NULL),(1004,'DEGREES','ディグリース',2,2,'20：00〜03：00',NULL,'日、祝日','有り','8000','3000','4000','3000','全額日払い','可能','可能','01：30、03：00','強い','無し','無し','','10%','月末締めの翌月15日','本指名¥8000、同伴¥4000、場内¥1000、ボトルバック、小計バック','2室','可能','可能','強い','',1,1,1,1,1,1,1,1,1,NULL,'',1,NULL,NULL,NULL,NULL,NULL,NULL),(1005,'C.G.B TOKYO','シージービートウキョウ',2,2,'21：00〜03：00',NULL,'土、日、祝日','無し','8000','3000','5000','3000','10000〜','可能','可能','01：00,02：00,03：00','標準','無し','希望者は可能','','10%＋1日/￥500','全額日払い','本指名¥3000、場内¥1000','5室','','可能','強い','',1,1,NULL,NULL,1,1,NULL,NULL,NULL,NULL,'',1,NULL,NULL,NULL,NULL,NULL,NULL),(1007,'BARON','バロン',2,2,'20：00〜03：00',NULL,'土、日、祝日','無し','7000','2000','3000','2000','5000','不可','可能','01：00,03：00','弱い','当日欠勤17：00までの連絡は無し、17：00〜￥5000','無し','','10%','月末締め翌月末払い','場内¥500、本指名¥3000、同伴21時¥5000','','可能','可能','強い','',0,0,0,0,1,1,1,0,1,0,'',0,NULL,'2017-06-16 21:41:47',NULL,NULL,NULL,NULL),(1008,'AWARD','アワード',2,2,'21：00〜04：00',NULL,'日、祝日','有り','8000','3000','4000','3000','10000','不可','可能','01：00,02：00,03：00,04：00','強い','無断欠勤￥10000','無し','','10%＋1日/￥500','1〜15日は月末、15〜月末は翌月15日','同伴¥2000,本指名¥1500,場内¥1000, 同伴と前日までの予約が小計15% 当日の本指名が小計10%','2室','可能','可能','強い','',1,NULL,1,1,1,1,1,1,1,NULL,'',1,NULL,NULL,NULL,NULL,NULL,NULL),(1013,'PRIMO','プリモ',2,3,'21：00〜03：00',NULL,'日、祝日','有り','10000','3000','4000','3000','原則無し','不可','可能','01：30、03：00','標準','無し','無し','','10%','月末締めの翌月15日','無し','3室','','可能','強い','',1,NULL,NULL,1,1,1,NULL,1,NULL,NULL,'',1,NULL,NULL,NULL,NULL,NULL,NULL),(1014,'EN','エン',2,3,'19:00〜0300',NULL,'無し','有り','6000','1500','3000','2000','1時間につき1000','応相談','可能','01：00,03：00','強い','無し','無し','','10%','1〜15日は月末、15〜月末は翌月15日','ドリンク、場内指名','1室','','可能','強い','',1,1,1,1,1,1,0,1,0,0,'',0,NULL,'2017-06-16 21:41:09',NULL,NULL,NULL,NULL),(1015,'GASTONG','ガストン',2,3,'20：00〜03：00',NULL,'日、祝日','有り','8000','3000円','3000円','3000円','10000円まで','応相談','不可','1：300or3:00','強い','無し','無し','','10%+1日/1000','月末締めの翌月15日','ドリンク￥500、ボトル小計10％、本指名￥5000、同伴￥8000','1室','','可能','強い','完全会員制\r\nレトルフグループ\r\nロリか清楚系の',0,1,1,1,1,1,0,1,1,0,'',1,NULL,'2019-03-22 23:53:16',NULL,NULL,0,''),(1016,'Salon en velours','サロン  エン  べロア',2,3,'19：00〜0300',NULL,'日、祝日','有り','8000','3000','4000','3000〜','応相談','応相談','','01：00,03：00','強い','無し','無し','','10%','','','','','','弱い','',NULL,NULL,NULL,1,NULL,NULL,NULL,NULL,1,NULL,'',1,NULL,NULL,NULL,NULL,NULL,NULL),(1017,'38℃','サンジュウハチド',2,3,'20：00〜1:00',NULL,'日、祝日','有り','8000円','4000円','5000円','4000〜6000円','全額日払い','可能','不可','02：00、木、金は03：00','強い','無し','無し','','10%','全額日払い','リクエスト￥2000、VIPバック￥2000、予約　小計10％、新規　小計20％、2回目以降　小計15％','3室','不可','可能','強い','',0,1,1,1,0,1,0,1,1,0,'',1,NULL,'2019-03-22 23:45:32',NULL,NULL,0,'20万〜'),(1020,'TICKETS','チケッツ',2,3,'21：00〜3:00',NULL,'日、祝日','有り','9000','4000円','5000円','4000円〜6000円','全額日払い','可能','不可','LAST 便','強い','無し','無し','東京都渋谷区恵比寿西1-12-14 エイビスビルb1','10%','全額日払い','本指名¥5000 場内¥1000 同伴¥3000 ボトルバック10% 予約バック小計10%','2室','','','標準','',0,1,1,1,0,0,0,1,1,0,'',1,NULL,'2019-03-28 17:12:52',NULL,NULL,0,'8.15.20.25'),(1021,'Adore','アドア',2,3,'20：00〜03：00',NULL,'日、祝日','有り','10000円','3000円','5000円','3000〜4000円','10000','+10%引かれるが可能','不可','01：00,3:00','弱い','遅刻30分毎に￥2000、当日欠勤は時給の2時間分、無断欠勤は時給の4時間分','無し','東京都渋谷区恵比寿西1-12-14 エイビスビル1Ｆ','10％+1日/￥500','月末締めの翌月15日','小計10％\r\nドリンクバック 500円\r\n場内指名     1000円\r\n本指名         3000円\r\n同伴             15%','2室','不可','可能','強い','レギュラー出勤の時給なしで売り上げ折板可能\r\n21:00以降面接不可',0,0,0,1,1,1,0,0,1,0,'',1,NULL,'2019-03-28 17:12:19',NULL,NULL,0,'5万〜'),(1022,'波音','ナミノネ',2,1,'21：00〜01：00',NULL,'土、日、祝日','無し','8000','3000','4000','4000','全額日払い','可能','可能','2:00','弱い','無し','無し','','10%','翌日振り込み','ドリンク￥1000、本指名10％、場内2000','2室','可能','可能','弱い','',1,1,0,0,1,0,1,1,1,0,'',1,NULL,'2019-02-20 19:51:30',NULL,NULL,1,'1日出勤￥3000'),(1023,'ＡＬＥＮＡ','アレナ',2,1,'21：00〜03：00、金土は05：00',NULL,'日、祝日','有り','10000','2500','3500','3000','応相談','不可','応相談','2:00～3:00','標準','無し','無し','六本木7-14-2　三清会館ビル　B1F','10％+1日/￥500/送り代','1〜10日は20日、11〜20日は末日、21〜末日は翌月10日払い','ドリンク￥300、同伴￥3000、アフターバック￥5000','1室','不可','応相談','強い','',0,1,1,1,0,1,0,1,1,1,'',1,NULL,'2019-03-29 23:32:37',NULL,NULL,0,''),(1024,'MORLD','モールド',2,1,'20：30〜02：00、木、金03：00',NULL,'日、祝日','有り','8000','3000','4500','3000〜','全額日払い','可能','不可','02：00、木、金は01：30、03：00','強い','無し','無し','','10%','全額日払い','リクエスト\\2000,予約 小計10%,新規 小計20%,2回目以降 小計15% ','5室','不可','','強い','',NULL,1,1,1,NULL,1,NULL,1,1,NULL,'',1,NULL,NULL,NULL,NULL,NULL,NULL),(1025,'Side door','サイドドア',2,1,'19：00〜03：00',NULL,'日、祝日','有り','7000','2500','3000','本入時給','応相談','応相談','不可','','','無し','無し','六本木7-13-8　フュージョンビルB1F','10%+月に￥2000','月末締めの翌月15日','同伴￥6000、本指名￥3000、場内￥1000','','','可能','標準','',1,0,0,1,1,0,0,1,1,0,'',1,NULL,'2019-03-29 23:33:37',NULL,NULL,0,''),(1026,'LEPIN','ルパン',2,1,'20：00〜01：00',NULL,'日、祝日','有り','12000','4000','5000','3000','5000単位','不可','可能','LAST便','','当日欠勤￥5000但し前日までに報告で無し','','','','月末締めの翌月20日払い','','','可能','可能','標準','',1,NULL,NULL,1,1,NULL,1,NULL,1,NULL,'',1,NULL,NULL,NULL,NULL,NULL,NULL),(1027,'EICHI','エイチ',2,1,'21：00〜03：00',NULL,'日、祝日','有り','8000','3000','4000','2500〜','10000','','','','標準','','','','','','','4室','','','標準','',NULL,NULL,NULL,1,NULL,NULL,NULL,1,1,NULL,'',1,NULL,NULL,NULL,NULL,NULL,NULL),(1029,'BADD GIRLS 六本木','バッドガールズ ロッポンギ',2,1,'16：00〜03：00',NULL,'日、祝日','有り','5000','1200','2500','本入時給','','応相談','可能','01：00、03：00','標準','無し','無し','','10%','月末締めの翌月15日','ドリンク￥300〜￥500、同伴￥2700、本指名￥1800','無し','不可','可能','強い','',1,1,0,1,1,1,0,1,1,0,'',1,NULL,'2019-04-28 20:24:05',NULL,NULL,0,'10日クリア4万'),(1030,'En COUNTER 六本木','エンカウンター ロッポンギ',2,1,'19：00〜03：30',NULL,'日、祝日','有り','8000','2500','4000','2500〜','時給分の全日','可能','可能','01：00、03：00、05：00','弱い','無し','無し','','10%','翌日振り込み','ドリンク￥1000、同伴￥2000、本指名￥2000','無し','可能','可能','強い','',1,1,NULL,1,1,1,1,1,1,NULL,'',1,NULL,NULL,NULL,NULL,NULL,NULL),(1032,'SGM','シブヤガールズマーケット',2,9,'20：00〜04：00、金曜05：00',NULL,'日、祝日','有り','3000','2000','2000','2000','全額日払い','可能','可能','無し','','無し','無し','','10%+厚生費','全額日払い','同伴2000、本指名900、場内900、延長1000','有り','','','強い','',1,1,NULL,1,NULL,1,NULL,1,1,NULL,'',1,NULL,NULL,NULL,NULL,NULL,NULL),(1033,'Aoyama Lounge','アオヤマラウンジ',2,9,'18：00〜03：00',NULL,'日、祝日','有り','5000','1200','3000','3000','10000','応相談','不可','01：30、03：00','強い','無し','無し','東京都港区北青山３丁目２−５','10%+1日/￥1000','月末締めの翌月15日','同伴￥2000、本指名￥5000、場内￥1000/30分','','','可能','標準','',1,0,1,0,1,0,0,1,1,0,'',1,NULL,'2019-03-28 17:11:09',NULL,NULL,0,'8.10.12.15'),(1035,'BADD GIRLS 赤坂','バッドガールズ アカサカ',2,5,'16：00〜03：00',NULL,'日、祝日','有り','','','','','','','','','','','','赤阪3-15-13　冨司林ビル　B1F','','','','','','可能','強い','',1,1,0,1,1,1,0,1,1,0,'',1,NULL,'2019-03-29 23:30:04',NULL,NULL,0,''),(1036,'En COUNTER 赤坂','エンカウンター アカサカ',2,5,'19：00〜03：30',NULL,'日、祝日','有り','','','','','','','','','','','','','','','','','','可能','強い','',1,1,NULL,1,1,1,NULL,1,1,NULL,'',1,NULL,NULL,NULL,NULL,NULL,NULL),(1037,'VELVET GARDEN','ベルベットガーデン',2,10,'20：00〜03：00',NULL,'日、祝日','','','','','','','','','','','','','','','','','','','','弱い','',NULL,NULL,NULL,NULL,NULL,NULL,NULL,NULL,1,NULL,'',1,NULL,NULL,NULL,NULL,NULL,NULL),(1038,'結','ユイ',3,10,'20：00〜02：00',NULL,'日、祝日','有り','8000','4000','4000','4000','5000単位','応相談','可能','01：00、02：00','標準','当日欠勤、遅刻、','有り','','１０％、厚生費１０００円、ヘアメイク￥1000','','','1室','可能','可能','強い','和をモチーフに料亭を改装したラウンジ',1,1,0,1,1,1,1,0,1,0,'',1,NULL,'2017-09-26 00:57:41',NULL,NULL,NULL,NULL),(1040,'La vie et','ラヴィエ',2,6,'',NULL,'','','','','','','','','','','','','','','','','','','','','','',NULL,NULL,NULL,NULL,NULL,NULL,NULL,NULL,1,NULL,'',1,NULL,NULL,NULL,NULL,NULL,NULL),(1041,'THE 8','エイト',2,7,'20:00〜5:00',NULL,'年中無休','有り','8000円','3000円','3000〜4000円','3000〜6000円','5000円単位で可能','応相談','あり','1:00便ラスト便のみ','普通','あり','なし','神奈川県横浜市西区南幸1-2-9 横浜プリンス会館ビル8F','15%','末締め15日払い','','2','不可','あり','標準','',0,0,0,1,0,0,0,0,1,0,'',1,NULL,'2019-03-28 17:08:44',NULL,NULL,0,''),(1042,'BADD GIRLS 銀座','バッドガールズ ギンザ',2,4,'16：00〜02：00',NULL,'日、祝日','有り','5000','1200','2500','','','応相談','可能','01：00、03：00','標準','無し','無し','','10%','月末締めの翌月15日','ドリンク￥300〜￥500、同伴￥2700、本指名￥1800','無し','不可','可能','強い','',1,1,NULL,1,1,1,NULL,1,1,NULL,'',1,NULL,NULL,NULL,NULL,NULL,NULL),(1043,'En COUNTER 銀座','エンカウンター ギンザ',2,4,'19：00〜03：30',NULL,'日、祝日','有り','','','','','','可能','可能','01：00、03：00','標準','無し','無し','','10%','翌日振り込み','ドリンク￥1000、同伴￥2000、本指名￥2000','無し','可能','可能','強い','',1,1,NULL,1,1,1,1,1,1,NULL,'',1,NULL,NULL,NULL,NULL,NULL,NULL),(1045,'LUCE','ルーチェ',2,4,'20：00〜02：00',NULL,'日、祝日','無し','8000','3000','4000','3000','10000','不可','不可','01：00、02：00','標準','無し','無し','','10%+1日/￥1000','','同伴￥2000、本指名￥2000、場内￥1000、予約バック￥1000、ドリンク￥300〜￥500','2','可能','可能','標準','',NULL,NULL,NULL,1,1,NULL,1,1,1,NULL,'',1,NULL,NULL,NULL,NULL,NULL,NULL),(1046,'Luthien','ルシアン',2,2,'20：00〜03：00',NULL,'土、日、祝日','無し','10000','3000','4000','3000〜','5000円単位','応相談','応相談','01：00、02：00、03：00','標準','無し','無し','','10%','週払い','本指名10％、同伴￥1000〜￥3000','2室','','可能','強い','',1,1,NULL,NULL,1,1,NULL,NULL,1,NULL,'',1,NULL,NULL,NULL,NULL,NULL,NULL),(1047,'Varan','バラン',1,2,'21：00〜05：00',NULL,'日、祝日','有り','2000','2000','','','5000','不可','不可','無し','','無し','無し','','10%','月末締めの翌月10日','ドリンク￥300〜￥500','1室','','','','',NULL,NULL,NULL,1,NULL,NULL,NULL,1,1,NULL,'',1,NULL,NULL,NULL,NULL,NULL,NULL),(1048,'MARIA','マリア',1,2,'21：00〜05：00',NULL,'日、祝日','有り','','','','','','','','','','無し','無し','','','','','1室','','','','',NULL,NULL,NULL,NULL,NULL,NULL,NULL,NULL,1,NULL,'',1,NULL,NULL,NULL,NULL,NULL,NULL),(1049,'NEUTRAL','ニュートラル',1,2,'',NULL,'日、祝','有り','','','','','','','不可','無し','','無し','無し','','','','','1室','可能','','','',NULL,NULL,NULL,1,NULL,NULL,1,1,1,NULL,'',1,NULL,NULL,NULL,NULL,NULL,NULL),(1050,'TOKINOMA','トキノマ',1,2,'20：00〜04：000',NULL,'日、祝','有り','2000','1700','','1700','','可能','可能','02：00,03：00(原則30分圏内)','弱い','無し','無し','','10%','月末締めの翌月15日','','2室','','','','',1,1,NULL,1,NULL,NULL,NULL,1,1,NULL,'',1,NULL,NULL,NULL,NULL,NULL,NULL),(1051,'YMIR','ユミル',1,1,'21：00〜05：00',NULL,'日、祝日','有り','','','','','','','','','','','','','','','','','','','強い','',1,NULL,NULL,1,NULL,NULL,NULL,1,1,NULL,'',1,NULL,NULL,NULL,NULL,NULL,NULL),(1052,'Response','レスポンス',1,6,'',NULL,'日、祝日','有り','','','','','','','','','','','','','','','','','','','','',NULL,NULL,NULL,1,NULL,NULL,NULL,NULL,1,NULL,'',1,NULL,NULL,NULL,NULL,NULL,NULL),(1053,'秋津','アキツ',1,6,'21：00〜05：00',NULL,'日、祝日','','','','','','','','','','','','','','','','','1室','','','','',NULL,NULL,NULL,NULL,NULL,NULL,NULL,NULL,1,NULL,'',1,NULL,NULL,NULL,NULL,NULL,NULL),(1054,'SWARO','スワロ',1,6,'20：00〜04：00',NULL,'土、日、祝日','無し','2000','1300','','1300','','可能','可能','無し','','当欠￥3000','無し','','10%','月末締めの翌月10日振り込み','ドリンク￥100','無し','','','','',1,1,NULL,NULL,NULL,NULL,NULL,NULL,1,NULL,'',1,NULL,NULL,NULL,NULL,NULL,NULL),(1056,'Beauty Girls','ビューティーガールズ',1,6,'20：00〜05：00',NULL,'日、祝','有り','3000','2000','','2000','','応相談','可能','無し','','無し','無し','','10%','月末締めの翌月10日','本指名10％、ドリンク￥200','1室','','','','',1,1,NULL,1,NULL,NULL,NULL,1,1,NULL,'',1,NULL,NULL,NULL,NULL,NULL,NULL),(1057,'Gap','ギャップ',1,6,'',NULL,'','','','','','','','','','','','','','','','','','','','','','',NULL,NULL,NULL,NULL,NULL,NULL,NULL,NULL,1,NULL,'',1,NULL,NULL,NULL,NULL,NULL,NULL),(1058,'Gap2','ギャップツー',1,6,'',NULL,'','','','','','','','','','','','','','','','','','','','','','',NULL,NULL,NULL,NULL,NULL,NULL,NULL,NULL,1,NULL,'',1,NULL,NULL,NULL,NULL,NULL,NULL),(1059,'Ray','レイ',1,5,'20：00〜2：00',NULL,'土、日、祝日','無し','','','','','','','','','','','','','','','','','','可能','','',NULL,NULL,NULL,NULL,1,NULL,NULL,1,1,NULL,'',1,NULL,NULL,NULL,NULL,NULL,NULL),(1060,'SHELTER','シェルター',1,5,'20：00〜5：00',NULL,'日、祝日','有り','3000','1500','2300','2000〜2500','勤務時間×1000円','不可','可能','無し','無し','無し','無し','','¥500','15日締めの末日払い、末日締めの翌月15日払い','ドリンクバック','無し','','可能','','',1,NULL,NULL,1,1,NULL,NULL,NULL,1,NULL,'',1,NULL,NULL,NULL,NULL,NULL,NULL),(1062,'TOKYO DOLLS','トウキョウドールズ',1,4,'20：00〜2：00',NULL,'無し','有り','','','','','','','','','','','','','','','','','','','強い','',NULL,NULL,NULL,NULL,NULL,1,NULL,1,1,NULL,'',1,NULL,NULL,NULL,NULL,NULL,NULL),(1063,'舞人','マイト',3,1,'20：00〜01：00',NULL,'日、祝','有り','50000','4000','8000','5000','5000円単位','応相談','応相談','LAST便','','無し','1000〜','','10.21%+￥500 送り1000～','15日締めの末日払い、末日締めの翌月15日払い','同伴20％～30％　本指名￥1000、ドリンク10％、','3室','可能','可能','強い','',1,1,0,1,1,1,1,0,1,0,'',1,NULL,'2018-10-26 18:19:26',NULL,NULL,0,''),(1064,'R','アール',3,1,'20：00〜02：00',NULL,'日、祝日','有り','20000','4000','8000','5000','5000〜15000','応相談','応相談','LAST便　23区一律￥1000','強い','ノルマ無し、22時以降の出勤に関して15分毎に25％','有り','','10％＋1日￥2000(ヘアメ込)','末締め20日、15日締め5日','同伴￥5000、指名￥1000、場内￥1000、小計10％','1室','可能','','','',1,1,1,1,NULL,NULL,1,NULL,1,NULL,'',1,NULL,NULL,NULL,NULL,NULL,NULL),(1065,'SMILE','スマイル',3,1,'19：30〜01：30、金曜03：00',NULL,'日、祝','有り','10000','2000(19：30〜21：00一律)','4000','3500','5000〜10000','','可能','LAST便','標準','無し','自由','','10％+月/￥1000','月末締めの翌月15日','予約バック￥250〜￥500','1室','不可','可能','強い','',1,NULL,NULL,1,1,1,NULL,1,1,NULL,'',1,NULL,NULL,NULL,NULL,NULL,NULL),(1066,'PIANISSIMO','ピアニシモ',3,1,'20：00〜01：00',NULL,'日、祝','有り','応相談','4500','6000','4000〜','','応相談','不可','LAST便','標準','','自由','','','','無し','1室','可能','可能','強い','',NULL,NULL,NULL,1,1,1,NULL,NULL,1,NULL,'',1,NULL,NULL,NULL,NULL,NULL,NULL),(1067,'ラプンツェル','ラプンツェル',3,1,'21：00〜03：00',NULL,'日、祝','有り','8000','3000','4000','3000','10000','不可','','LAST便','','','有り','','10%+1日/￥2000(ヘアメ込み)','月末締めの翌月15日','同伴￥4000、本指名￥500〜￥1500、場内￥500〜￥1500、ドリンク￥200〜','無し','可能','','強い','',NULL,NULL,NULL,1,NULL,1,1,NULL,1,NULL,'',1,NULL,NULL,NULL,NULL,NULL,NULL),(1068,'DADA','ダダ',3,1,'20：00〜01：00',NULL,'日、祝','有り','10000','3000(21：00までは一律3000)','4500','3500','10000','不可','不可','LAST便','標準','当日欠勤￥20000、前日欠勤￥10000、無断欠勤￥50000','\\1500〜','','10％＋1日￥1500','月末締めの翌月25日振り込み','ドリンク¥200〜￥400、場内￥1000、同伴￥2000、','1室','可能','可能','強い','',NULL,NULL,NULL,1,1,1,1,NULL,1,NULL,'',1,NULL,NULL,NULL,NULL,NULL,NULL),(1071,'Le Club de Tokyo','ル クラブ ドゥ トウキョウ',3,1,'19:00〜01:00',NULL,'日、祝','有り','20000','4000','','4000','5000〜10000','不可','可能','24時から30分毎','','','自由','六本木6-1-12　21六本木ビル５F','10%+厚生費1日¥1,000 ','15日〆月末日手渡し','','2室','可能','可能','強い','',1,0,0,1,1,1,1,0,1,0,'',1,NULL,'2019-03-29 23:34:58',NULL,NULL,0,''),(1072,'ROPPONGI CHICK','ロッポンギ チック',3,1,'19:00〜01:00',NULL,'日、祝','有り','15000','4000','','4000','5000〜10000','不可','可能','24時から30分毎','','','自由','六本木　3-8-18　三経41ビル　３F','10%+厚生費1日¥1,000 ','15日〆月末日手渡し','','','','可能','強い','',1,0,0,1,1,1,0,0,1,0,'',1,NULL,'2019-03-29 23:35:47',NULL,NULL,0,''),(1073,'GINZA CHICK','ギンザ チック',3,4,'19:00〜01:00',NULL,'土、日、祝日','無し','15000','4000','','4000','5000〜10000','不可','可能','24時から30分毎','','','自由','','10%+厚生費1日¥1,000 ','15日〆月末日手渡し','','','可能','可能','強い','',1,NULL,NULL,NULL,1,1,1,NULL,1,NULL,'',1,NULL,NULL,NULL,NULL,NULL,NULL),(1075,'NEWS','ニュース',3,1,'19：00〜24：45',NULL,'日、祝日','有り','13000','3500','4500','3000〜4000','10000','不可','不可','LAST便','強い','','自由','','','','','','','可能','強い','',NULL,NULL,1,1,1,1,NULL,NULL,NULL,NULL,'',1,NULL,NULL,NULL,NULL,NULL,NULL),(1077,'e-style','イースタイル',3,9,'20:00〜2:00 ',NULL,'日、祝','有り','18000','3000','5000','3000','5000〜10000','','応相談','LAST 便','強い','','¥1,000','','10% 厚生費1日¥500','末〆翌月15日支払い 手渡し ','同伴:20:00〜20:30 小計20% 20:30〜21:00 小計15% 21:00〜22:00 小計10%、指名:¥2,000、場内:¥1,000','2室','可能','','強い','',1,NULL,1,1,NULL,1,1,NULL,1,NULL,'',1,NULL,NULL,NULL,NULL,NULL,NULL),(1078,'emanon','エマノン',3,9,'20:00〜2:00 ',NULL,'日、祝','有り','10000','2500','4000','3000','5000〜15000','','応相談','LAST 便','強い','','無料','','10% 厚生費1日¥1,000','月末〆翌月15日支払い 手渡し','ドリンク:ボトルバック10%、同伴:21:30までに入店で小計10%、指名:¥2,000、場内:¥1,000 ','1室','','','強い','',1,NULL,1,1,NULL,1,NULL,NULL,1,NULL,'',1,NULL,NULL,NULL,NULL,NULL,NULL),(1079,'SHIBUYA SEASIDE','シブヤ シーサイド',3,9,'19:00〜2:00or3:00',NULL,'日、祝','有り','10000','3500円','4500円','3000円','〜15000','応相談','応相談','LAST 便','強い','','無料','','10% 厚生費1日¥1,000','月末〆翌月15日支払い 手渡し','ドリンク:¥200、同伴:19:00〜20:00→¥2,500 20:00〜21:00→¥2,000、指名:¥2,000、場内:¥500 ','2室','','','強い','',1,0,1,1,0,1,0,0,1,0,'',1,NULL,'2019-03-22 23:02:37',NULL,NULL,0,'10.15.20'),(1082,'MUSERVA','ミュゼルヴァ',3,1,'20:00〜1：00',NULL,'日、祝','有り','上限なし','8000円','非公開','8000～上限なし','10000円それ以上応相談','応相談','可能','1日8便','強い','給率ペナルティあり','有り','','700円','月末締めの翌月20日振り込み','同伴バック5000円\r\n場内バック2000円\r\n給率バック有り','8室','可能','可能','強い','最高級ニュークラブ。ハーフ受けます。',1,0,1,1,0,1,1,1,1,0,'',1,NULL,'2019-03-22 18:00:24',NULL,NULL,0,''),(1083,'bisser','ビゼ',3,1,'20:00〜1：00',NULL,'日、祝','有り','上限なし','8000円','非公開','8000～上限なし','10000円それ以上応相談','応相談','可能','1日8便','強い','給率ペナルティあり','2000円　店舗内常駐','六本木3-8-15　B2F','700円','月末締めの翌月20日振り込み','同伴バック5000円\r\n場内バック2000円\r\n給率バック　あり','3つ','可能','可能','強い','六本木のザ・ニュークラブ\r\n六本木でイチバン美女率が高い\r\n',1,0,1,0,0,1,1,1,1,0,'',1,NULL,'2019-04-28 20:22:51',NULL,NULL,0,'10日15万~'),(1084,'A:ma club','エマクラブ',3,6,'20:00〜1：00',NULL,'日、祝','有り','','','','4000〜','','応相談','応相談','1日8便','強い','無し','','','','月末締めの翌月20日振り込み','','2室','可能','可能','強い','ニュークラブの中で一番素人系が多い。',1,NULL,1,1,NULL,1,1,1,NULL,NULL,'',1,NULL,NULL,NULL,NULL,NULL,NULL),(1085,'Club Setalmo','セタルモ',3,1,'20:00〜1：00',NULL,'日、祝','有り','','','','4000〜','','応相談','応相談','1日8便','強い','無し','','','','月末締めの翌月20日振り込み','','2室','可能','可能','強い','2014年11月26日にリニューアル。唯一の場内でのボトルバックが有る。',1,1,1,1,NULL,1,1,1,1,NULL,'',1,NULL,NULL,NULL,NULL,NULL,NULL),(1086,'ZOOTOKYO','ズー トウキョー',3,1,'20:00〜1：00',NULL,'日','有り','上限なし','4000円','非公開','4000〜','基本1万円','応相談','応相談','1日8便','強い','無し','有り','六本木3-14-11　ケントスビル2.3.4階','源泉10％共済費500円','月末締めの翌月20日振り込み','本指名バック　500円\r\n場内指名バック　500円\r\n同伴バック　1000円\r\nボトルバック　給率により変動','7室','可能','可能','強い','六本木エリアで断トツのフリー来客数。未経験から高ランクまで誰にでも対応が可能！',1,1,1,1,0,1,1,1,1,0,'',1,NULL,'2019-04-28 20:22:34',NULL,NULL,0,'10日8万~'),(1087,'美人茶屋','ビジンジャヤ',3,1,'20:00〜1：00',NULL,'日、祝','有り','上限なし','5000円','5000円','4000〜','10000円','応相談','応相談','1日8便','強い','無し','','六本木3-14-11　ケントスビル7.8.9階','','月末締めの翌月20日振り込み','','6室','可能','可能','強い','3フロア、100名在籍の大型の大繁盛キャバクラ。社用、私用含め、毎日多数の来店が魅力。',1,1,1,1,0,1,1,1,1,0,'',1,NULL,'2019-04-28 20:22:02',NULL,NULL,0,'10日10万~'),(1088,'美人茶屋 離宮','ビジンジャヤ リキュウ',3,1,'20:00〜1：00',NULL,'日、祝','有り','','','','4000〜','','応相談','応相談','1日8便','強い','無し','','','','月末締めの翌月20日振り込み','','3室','可能','可能','強い','2014年7月に美人茶屋の2号店としてオープン。安定した集客と和食に精通したシェフの作るフードが魅力。',1,1,1,1,NULL,1,1,1,1,NULL,'',1,NULL,NULL,NULL,NULL,NULL,NULL),(1089,'美の間','ビノマ',4,1,'20:00〜1：00',NULL,'土、日、祝日','無し','10000円','4000円','5000円','4000〜','可能','可能','不可','1日8便','強い','有り','有り','六本木3-8-18　三経ビル　2F','','月末締めの翌月20日振り込み','','','可能','','強い','2014年11月20日に大型店舗へリニューアル。',0,0,1,0,0,1,1,0,1,0,'',1,NULL,'2019-04-28 20:16:36',NULL,NULL,0,'10日10万~'),(1090,'クロリス','クロリス',4,1,'20:00〜1：00',NULL,'土、日、祝日','無し','10000円','4000円','5000円','4000〜','可能','可能','不可','1日8便','強い','強い','有り','六本木　3-14-11　5階','','月末締めの翌月20日振り込み','','無し','可能','','強い','ロアビルB1にある高級感溢れるクラブ。',1,0,1,0,0,1,1,0,1,0,'',1,NULL,'2019-04-28 20:14:47',NULL,NULL,0,'10日　10万~'),(1093,'RIBRTA','リベルタ',3,3,'20：30〜3：00',NULL,'日、祝日','有り','5000','3000','4000','3000','5000〜10000','不可','不可','1：00、2：00、LAST便','標準','','無し','','10%','月末〆の翌15日　振込','ドリンク料金の10％、同伴￥3000','無し','不可','','強い','',NULL,NULL,NULL,1,NULL,1,NULL,NULL,1,NULL,'',1,NULL,NULL,NULL,NULL,NULL,NULL),(1094,'Link','リンク',3,3,'20：00〜5：00',NULL,'日、祝日','有り','4000','2000','3000','2000〜3000','4時間￥5000','不可','応相談','1：00から1時間毎にLAST便','標準','遅刻30分毎に￥1000、当日欠勤￥10000、無断欠勤￥30000、事前に連絡すればセーフ　基本的に貰ってない','500','東京都渋谷区恵比寿西1-8-2 恵比寿ウエストパレス2F','15%','月末〆の翌15日手渡し','ドリンク10％、同伴￥3000、本指名￥1000、場内￥500','無し','応相談','可能','強い','',1,0,0,1,1,1,1,0,1,0,'',1,NULL,'2019-03-28 17:01:44',NULL,NULL,0,''),(1095,'REEL','リール',3,3,'20：30〜3：30、金曜4：30',NULL,'日','有り','5000','2000','4000','3000〜4000','5000','不可','可能','1：00から30分刻みで出てる','標準','当日欠勤￥10000、週末当日￥15000、無断欠勤￥20000、連絡有りの遅刻30分￥1000、連絡無し30分￥1500','500　自分でやってもOK','東京都渋谷区恵比寿西1-7-13 日基ビルB1','10％、1日/￥1500','月末〆の翌15日','売り上げ10％、同伴￥2000、場内1時間延長毎に￥1000、ドリンクバック￥1000のドリンクにつき￥200、ボトル,シャンパンは10％','1室','応相談','可能','強い','保険証のみで体験入店可能\r\n週2〜',1,0,0,1,1,1,1,0,1,0,'',1,NULL,'2019-03-28 17:00:33',NULL,NULL,0,'5.7.10'),(1096,'CAFE PHOTO','カフェフォト',2,6,'20：00〜3：00',NULL,'日、祝日','有り','8000','3000','4000','3000','全額日払い','可能','不可','LAST便','強い','無し','無し','','10%','全額日払い','同伴¥3000＋小計15%、本指名¥3000＋小計10%、場内¥2000','4室','','','強い','',0,1,1,1,0,1,0,1,1,0,'',1,NULL,'2019-03-22 23:40:59',NULL,NULL,0,''),(1104,'PIANO','ピアノ',4,1,'20：00〜1：00',NULL,'土、日、祝日','無し','日給50000','日給20000','日給25000','日給20000','10000','不可','不可','LAST便','弱い','無し','有り','','10％＋厚生費','','同伴￥4000、指名￥3000、場内￥2000〜2500','2室','可能','可能','強い','',NULL,NULL,NULL,NULL,1,1,1,1,1,NULL,'',1,NULL,NULL,NULL,NULL,NULL,NULL),(1105,'club ATHENA','アテナ',3,4,'20：00〜1：00、金曜2：00',NULL,'日、祝日','有り','5500〜6000','3000','3000〜4000','3000','10000','不可','可能','環状七号線から内側￥1000、外側￥1500〜￥2000','標準','遅刻15分毎に￥1000、当欠　時給の3時間分、無欠 時給の10時間分','1000','','10％、1日厚生費￥1000','月末〆の翌15日','ドリンク1杯￥100、本指名1〜9本￥500、10〜29本￥1000、30〜￥1500、同伴￥3000、場内￥500','1室','可能','可能','強い','',1,NULL,NULL,1,1,1,1,NULL,NULL,NULL,'',1,NULL,NULL,NULL,NULL,NULL,NULL),(1106,'蝶蝶','チョウチョウ',3,10,'20：00〜2：0',NULL,'日、祝日','有り','8000','3000','4000','4000','5000単位','原則不可','可能','1：00、LAST便','標準','','有り','','','','','','','可能','強い','',1,NULL,NULL,1,1,1,1,NULL,1,NULL,'',1,NULL,NULL,NULL,NULL,NULL,NULL),(1107,'はこいり','ハコイリ',1,10,'20：00〜5：00',NULL,'日、祝日','有り','','','','','','','','','','','','','','','','','','','','',NULL,NULL,NULL,1,NULL,NULL,NULL,NULL,1,NULL,'',1,NULL,NULL,NULL,NULL,NULL,NULL),(1108,'club OASIS','クラブ オアシス',3,2,'',NULL,'','','','','','','','','','','','','','','','','','','','','','',NULL,NULL,NULL,NULL,NULL,NULL,NULL,NULL,1,NULL,'',1,NULL,NULL,NULL,NULL,NULL,NULL),(1109,'club Deen','クラブ ディーン',3,2,'',NULL,'','','','','','','','','','','','','','','','','','','','','','',NULL,NULL,NULL,NULL,NULL,NULL,NULL,NULL,1,NULL,'',1,NULL,NULL,NULL,NULL,NULL,NULL),(1110,'EMPEROR','エンペラー',3,2,'',NULL,'','','','','','','','','','','','','','','','','','','','','','',NULL,NULL,NULL,NULL,NULL,NULL,NULL,NULL,1,NULL,'',1,NULL,NULL,NULL,NULL,NULL,NULL),(1111,'club 零','クラブ ゼロ',3,2,'',NULL,'','','','','','','','','','','','','','','','','','','','','','',NULL,NULL,NULL,NULL,NULL,NULL,NULL,NULL,1,NULL,'',1,NULL,NULL,NULL,NULL,NULL,NULL),(1112,'La Estrella','エストレージャ',3,1,'',NULL,'','','','','','','','','','','','','','','','','','','','','','',NULL,NULL,NULL,NULL,NULL,NULL,NULL,NULL,1,NULL,'',1,NULL,NULL,NULL,NULL,NULL,NULL),(1113,'Palece','パレス',3,6,'',NULL,'','','','','','','','','','','','','','','','','','','','','','',NULL,NULL,NULL,NULL,NULL,NULL,NULL,NULL,1,NULL,'',1,NULL,NULL,NULL,NULL,NULL,NULL),(1114,'club A','エース',3,4,'',NULL,'','','','','','','','','','','','','','','','','','','','','','',NULL,NULL,NULL,NULL,NULL,NULL,NULL,NULL,1,NULL,'',1,NULL,NULL,NULL,NULL,NULL,NULL),(1115,'ROSE','ロゼ',1,1,'21：00〜6：00',NULL,'日、祝日','有り','2000','1800','1800','1800','5000','不可','可能','無し　','','無し','無し','','10%','月末締めの翌月25日','ドリンクバック','無し','不可','可能','強い','',1,NULL,NULL,1,1,1,NULL,1,1,NULL,'',1,NULL,NULL,NULL,NULL,NULL,NULL),(1116,'R\'s cafe','アールズ カフェ',3,4,'20:00〜01:45',NULL,'土、日、祝日','無し','10000','3000','4500','3000〜5000','5000〜10000','可能','可能','LAST便','弱い','ほぼ無し','自由','東京都中央区銀座8丁目4−23　4階','10.21% ＋厚生費1日¥1000-','月末〆の翌15日　振込み','ドリンクバック＋本指名＋場内指名（全てお金のバックでは無く、ポイントが貰える）','1室','不可','可能','強い','未成年基本的に不可',1,1,0,0,1,1,0,1,1,0,'',1,NULL,'2019-08-12 19:54:17',NULL,NULL,0,'10日出勤8万~'),(1117,'e\'s','エス',3,4,'20:00〜3:00',NULL,'日、祝日','有り','7000円','3000','4000~4500円','3000円前後','5000〜10000','可能(キャストによる)','可能','有り(都内)','弱い','無し','無し','東京都港区新橋2-15-16 マクゲンビル 6F.','10.21% ＋厚生費1日¥1000-','月末〆の翌15日　振込み','ドリンクバック300円\r\n本指名小計15%~30%バック','無し','不可','可能','普通','未成年可',1,1,0,1,1,0,0,1,1,0,'',1,NULL,'2019-08-12 19:49:56',NULL,NULL,0,'10日出勤4万~15万'),(1118,'Carica','カリカ',2,2,'21：00〜4：00',NULL,'日、祝日','有り','8000','3000','4000','3000','全額日払い','可能','不可能','2:00から1時間毎','強い','無し','無し','','10%','全額日払い','本指名¥5000、場内¥1000、本指名¥3000、ボトル10％、前日VIP予約小計10％','5室','不可','','','',NULL,1,1,1,NULL,NULL,NULL,1,1,NULL,'',1,NULL,NULL,NULL,NULL,NULL,NULL),(1119,'club KING','キング',3,4,'',NULL,'','','','','','','','','','','','','','','','','','','','','','',NULL,NULL,NULL,NULL,NULL,NULL,NULL,NULL,NULL,NULL,'',1,NULL,NULL,NULL,NULL,NULL,NULL),(1120,'茜','アカネ',4,1,'20:00〜1:30',NULL,'土曜 日曜 祝日','無し','','','','','','','','','','','','','','','','','','','','',NULL,NULL,NULL,NULL,NULL,NULL,NULL,NULL,1,NULL,'',1,NULL,NULL,NULL,NULL,NULL,NULL),(1121,'MYTHOS','ミトス',4,1,'20:00〜1:30',NULL,'土曜 日曜 祝日','無し','','','','','','','','','','','','','','','','','','','','',NULL,NULL,NULL,NULL,NULL,NULL,NULL,NULL,1,NULL,'',1,NULL,NULL,NULL,NULL,NULL,NULL),(1122,'CHARMANT','シャルマン',3,3,'20:00〜3:00 金曜4:00まで',NULL,'日曜 祝日','有り','売上スライドで上限無し','3000','3500','3500〜MAX6000','10000','不可','相談で可能','02:00 03:00','強い','月1指名日当欠10000、無欠20000','無料で可能','','15%','月末〆の翌20日　','同伴バック1時間2000、指名バック1時間700〜1000、イベント日にドリンクバック有り','','','','','',NULL,NULL,NULL,NULL,NULL,NULL,NULL,NULL,1,NULL,'',1,NULL,NULL,NULL,NULL,NULL,NULL),(1123,'NADESHIKO','ナデシコ',3,3,'20:00〜3:00',NULL,'日曜 祝日','有り','6000','2500','4000','3500','10000まで（入店一ヵ月以降はできない）','不可','不可','有り','普通','当欠￥10000、無欠\\30000、遅刻30分毎に\\2000','店舗にコテ有り（基本的に自分でやってくればOK）','','11%+厚生費\\1000/1日','月末〆の翌20日　','ボトルバック10％、指名同伴3500、指名売上5%〜10%','無し','可能','可能（送り無し）','強い','カラオケ無し',1,NULL,1,1,1,1,1,NULL,1,NULL,'1',1,NULL,NULL,NULL,NULL,NULL,NULL),(1124,'club PRISM','プリズム',3,3,'20:00〜5:00',NULL,'日曜 祝日','有り　','4000円','2500円','3000円','3500円','5000円まで可能','無し','あり','2:00便のみ','弱い','あり','あり','東京都渋谷区恵比寿南1-8-3　東亜恵比寿ビル2F','15%2000円','末締め20日払い','場内指名:500円\r\n本指名:100円\r\nドリンクバック250〜500円','1','可能','可能','強い','',0,0,0,0,0,0,0,0,1,0,'',1,NULL,'2019-03-28 16:59:08',NULL,NULL,0,'3.6.9'),(1125,'club  RYOMA','リョーマ',3,3,'20:00〜1:30',NULL,'年中無休','有り','','','','','','','','','','','','','','','','','','','','',NULL,NULL,NULL,NULL,NULL,NULL,NULL,NULL,1,NULL,'',1,NULL,NULL,NULL,NULL,NULL,NULL),(1126,'MO BAR','モーバー',1,1,'21:00〜6:00',NULL,'日曜 祝日','有り','','','','','','','','','','','','','','','','','','','','',NULL,NULL,NULL,NULL,NULL,NULL,NULL,NULL,1,NULL,'',1,NULL,NULL,NULL,NULL,NULL,NULL),(1127,'NYAGO','ラウンジ ニャゴ',2,1,'20:00〜5:00',NULL,'祝日','有り','','','','','','','','','','','','','','','','','','','','',NULL,NULL,NULL,NULL,NULL,NULL,NULL,NULL,1,NULL,'',1,NULL,NULL,NULL,NULL,NULL,NULL),(1128,'club KIZUNA','キズナ',3,1,'20:00〜03:00',NULL,'土曜 日曜 祝日','無し','','','','','','','','','','','','','','','','','','','','',NULL,NULL,NULL,NULL,NULL,NULL,NULL,NULL,1,NULL,'',1,NULL,NULL,NULL,NULL,NULL,NULL),(1129,'ALLOWS','アローズ',3,1,'22:00〜05:00',NULL,'日曜 祝日','有り','','','','','','','','','','','','','','','','','','','','',NULL,NULL,NULL,NULL,NULL,NULL,NULL,NULL,1,NULL,'',1,NULL,NULL,NULL,NULL,NULL,NULL),(1130,'club PACHA','パシャ',4,1,'',NULL,'','','','','','','','','','','','','','','','','','','','','','',NULL,NULL,NULL,NULL,NULL,NULL,NULL,NULL,1,NULL,'',1,NULL,NULL,NULL,NULL,NULL,NULL),(1131,'club Elysee','エリゼ',4,1,'',NULL,'','','','','','','','','','','','','','','','','','','','','','',NULL,NULL,NULL,NULL,NULL,NULL,NULL,NULL,1,NULL,'',1,NULL,NULL,NULL,NULL,NULL,NULL),(1132,'ENCHANTE','アンシャンテ',4,1,'',NULL,'','','','','','','','','','','','','','','','','','','','','','',NULL,NULL,NULL,NULL,NULL,NULL,NULL,NULL,1,NULL,'',1,NULL,NULL,NULL,NULL,NULL,NULL),(1133,'Image de Parfum','パルファン',4,1,'20:00～1:00',NULL,'土日祝日','無し','10000円','4000円','5000円','4000円','可能','可能','不可','有り','普通','有り','有り','六本木港区6-1-8　六本木グリーンビル9F','10％','末締め20日','','２つ','','','','',0,0,0,0,0,0,0,0,1,0,'',1,NULL,'2019-04-28 20:13:14',NULL,NULL,0,'永久10%'),(1134,'THE  GLOVE','ザ グローブ',3,1,'',NULL,'','','','','','','','','','','','','','','','','','','','','','',NULL,NULL,NULL,NULL,NULL,NULL,NULL,NULL,1,NULL,'',1,NULL,NULL,NULL,NULL,NULL,NULL),(1135,'Miss you','ミス ユー',4,1,'',NULL,'','','','','','','','','','','','','','','','','','','','','','',NULL,NULL,NULL,NULL,NULL,NULL,NULL,NULL,1,NULL,'',1,NULL,NULL,NULL,NULL,NULL,NULL),(1141,'REC','レック',2,1,'21:00〜5:00',NULL,'日曜 祝日','有り','5000','2000','2500','','5000','不可','可能','無し','無し','無し','無し','','10%','15日〆の月末支払い、月末〆の翌15日支払い','','1室','不可','','','',1,NULL,NULL,1,NULL,NULL,NULL,1,1,NULL,'',1,NULL,NULL,NULL,NULL,NULL,NULL),(1143,'FOUR  SENSE','フォーセンス',3,1,'20:00〜1:15',NULL,'日曜 祝日','有り','15000','4000','7000','希望時給により応相談','可能','不可','不可','有り','強い','イベントのみ','有り','','厚生費1200','15日と月末','イベント時バック発生','','不可','不可','強い','',NULL,NULL,1,1,NULL,1,NULL,NULL,NULL,NULL,'',NULL,NULL,NULL,NULL,NULL,NULL,NULL),(1144,'CELUX','セリュックス',3,1,'20:00〜1:15',NULL,'日曜 祝日','有り','15000','4000','7000','希望時給により応相談','可能','不可','不可','有り','強い','イベントのみ','有り','','厚生費1200','15日と月末','イベント時バック発生','','不可','不可','強い','',NULL,NULL,1,1,NULL,1,NULL,NULL,NULL,NULL,'',NULL,NULL,NULL,NULL,NULL,NULL,NULL),(1145,'BASeL','バーセル',3,1,'20:00〜1:15',NULL,'日曜 祝日','有り','15000','4000','7000','希望時給により応相談','可能','不可','不可','有り','強い','イベントのみ','有り','','厚生費1200','15日と月末','イベント時バック発生','','不可','不可','強い','',NULL,NULL,1,1,NULL,1,NULL,NULL,NULL,NULL,'',NULL,NULL,NULL,NULL,NULL,NULL,NULL),(1146,'FOURTY  FIVE','フォーティーファイブ',3,1,'20:00〜1:15',NULL,'日曜 祝日','有り','15000','4000','7000','希望時給により応相談','可能','不可','不可','有り','強い','イベントのみ','有り','','厚生費1200','15日と月末','イベント時バック発生','','不可','不可','強い','',NULL,NULL,1,1,NULL,1,NULL,NULL,NULL,NULL,'',NULL,NULL,NULL,NULL,NULL,NULL,NULL),(1147,'LUIAGUE','リュアーグ',3,1,'',NULL,'','','','','','','','','','','','','','','','','','','','','','',NULL,NULL,NULL,NULL,NULL,NULL,NULL,NULL,NULL,NULL,'',NULL,NULL,NULL,NULL,NULL,NULL,NULL),(1148,'ASILE','アジール',3,1,'',NULL,'','','','','','','','','','','','','','','','','','','','','','',NULL,NULL,NULL,NULL,NULL,NULL,NULL,NULL,NULL,NULL,'',NULL,NULL,NULL,NULL,NULL,NULL,NULL),(1149,'Regina Teodora','レジーナテオドーラ',3,1,'',NULL,'','','','','','','','','','','','','','','','','','','','','','',NULL,NULL,NULL,NULL,NULL,NULL,NULL,NULL,NULL,NULL,'',NULL,NULL,NULL,NULL,NULL,NULL,NULL),(1150,'ロッセ','ロッセ',4,4,'20：00〜01：00',NULL,'日、祝日','有り','8000','4000','5000','4000～','10000','応相談','可能','LAST便','強い','有り','有り','','10%+1ヶ月1000円','月末締めの翌月15日','','2','','可能','強い','旧イクシオ',NULL,NULL,1,NULL,1,NULL,NULL,NULL,1,1,'1',1,NULL,NULL,NULL,NULL,NULL,NULL),(1151,'VARELA','ヴァレラ',2,3,'20:00〜1:00',NULL,'日、祝日','有り','日給／60000','5000円','4000円','基本、本時給と同額','全額日払い','可能','可能','01：00','強い','無し','無し','','10%+1ヶ月1000円','月末締めの翌月15日','本指名¥5000-+連れの人数×¥2000-、場内¥1000-、同伴¥10000-、','4室','可能','あり','あり','',0,1,1,1,0,1,0,0,1,0,'',1,NULL,'2019-03-22 22:50:09',NULL,NULL,0,'15.20.25'),(1152,'エイト(仮)','エイト(仮)',2,7,'20:00〜3:00or5:00',NULL,'年中無休','あり','6000円','3000円','3500円','3000〜6000','20000円まで','無し','無し','3:00便のみ','普通','あり','なし','','15%1000円','末締め15日払い','','3','不可','送り使わなければ','強い','プリンスグループ\r\n私服キャバ',0,0,0,1,0,0,0,0,0,0,'',1,NULL,'2019-03-22 23:35:03',NULL,NULL,0,'8.10'),(1153,'ルーチェ2(仮)','ルーチェ2(仮)',2,4,'',NULL,'','','','','','','','','','','','','','','','','','','','','','',NULL,NULL,NULL,NULL,NULL,NULL,NULL,NULL,NULL,NULL,'',1,NULL,NULL,NULL,NULL,NULL,NULL),(1154,'ROYS','ロイズ',1,3,'',NULL,'','','','','','','','','','','','','','','','','','','','','','',NULL,NULL,NULL,NULL,NULL,NULL,NULL,NULL,1,NULL,'',1,NULL,NULL,NULL,NULL,NULL,NULL),(1155,'yokohama V.I.P club','ヨコハマ  ブイアイピー  クラブ',4,9,'',NULL,'','','','','','','','','','','','','','','','','','','','','','',NULL,NULL,NULL,NULL,NULL,NULL,NULL,NULL,1,NULL,'',1,NULL,NULL,NULL,NULL,NULL,NULL),(1156,'わたりだこ','わたりだこ',3,6,'19:00〜2:00or3:00',NULL,'日曜日','あり','6000','3000','3500','3000〜4000','10000まで可能','なし','あり','1:00or2:00or3:00','強い','あり','してもしなくてもよい','東京都目黒区自由が丘1-14-15 サーカス自由が丘3F','所得税 10% 厚生費 3% 送り500〜 送り強め ヘアメイク有り 500円 強制なし','末締めの20日払い','本指名バック 2000バック\r\n場内指名バック 500\r\n同伴バック 小計20%バック21時まで\r\n小計10%バック22時まで\r\nドリンクバック 100\r\n','4','可能','あり','強い','プリンスグループ\r\n緩く働ける私服キャバ',0,0,0,0,0,0,0,0,1,0,'',1,NULL,'2019-03-28 16:57:18',NULL,NULL,0,'10.15.20'),(1157,'花かんざし','ハナカンザシ',4,1,'',NULL,'','','','','','','','','','','','','','','','','','','','','','',NULL,NULL,NULL,NULL,NULL,NULL,NULL,NULL,1,NULL,'',1,NULL,NULL,NULL,NULL,NULL,NULL),(1158,'Neo KINKONKA','キンコンカ',4,1,'',NULL,'','','','','','','','','','','','','','','','','','','','','','',NULL,NULL,NULL,NULL,NULL,NULL,NULL,NULL,1,NULL,'',1,NULL,NULL,NULL,NULL,NULL,NULL),(1159,'FEERIQUE','フェリーク',4,1,'20:00～01:00',NULL,'土日、祝日','無し','日給50000','日給25000～','日給27000','日給20000','5000円','不可','不可','有り','強い','応相談','有り','','10.21％','月末締め16日払い','同伴　3000円\r\n瀬里奈同伴で5000円\r\n本指名　3000円\r\n場内指名　2000円\r\n※本数によって変動','無し','可能','可能','強い','未成年ＮＧ',0,0,0,0,0,0,0,0,1,0,'',1,NULL,'2019-03-22 23:05:05',NULL,NULL,0,''),(1160,'Piropo','ピロポ',4,4,'',NULL,'','','','','','','','','','','','','','','','','','','','','','',NULL,NULL,NULL,NULL,NULL,NULL,NULL,NULL,NULL,NULL,'',1,NULL,NULL,NULL,NULL,NULL,NULL),(1161,'club GEMME','ジェム',3,10,'',NULL,'','','','','','','','','','','','','','','','','','','','','','',NULL,NULL,NULL,NULL,NULL,NULL,NULL,NULL,1,NULL,'',1,NULL,NULL,NULL,NULL,NULL,NULL),(1162,'club dolesline','ドレスライン',3,10,'',NULL,'','','','','','','','','','','','','','','','','','','','','','',NULL,NULL,NULL,NULL,NULL,NULL,NULL,NULL,1,NULL,'',1,NULL,NULL,NULL,NULL,NULL,NULL),(1163,'club GLAMOROUS','グラマラス',3,10,'',NULL,'','','','','','','','','','','','','','','','','','','','','','',NULL,NULL,NULL,NULL,NULL,NULL,NULL,NULL,1,NULL,'',1,NULL,NULL,NULL,NULL,NULL,NULL),(1164,'J','ジェイ',4,4,'20：00〜01：00',NULL,'土、日、祝日','無し','日給／60000','日給／20000','日給／30000','日給／20000','10000','不可','不可','無し','','同伴４回〜８回','有り','','10%+１ヶ月に１回日給の半額','月末締めの翌月10日','無し','','可能','可能','','',NULL,NULL,NULL,NULL,1,NULL,1,NULL,1,NULL,'',1,NULL,NULL,NULL,NULL,NULL,NULL),(1165,'Premiere','プルミエール',4,4,'20：00〜01：00',NULL,'土、日、祝日','無し','日給／60000','日給／20000','日給／30000','日給／20000','10000','不可','不可','無し','','同伴４回〜８回','有り','','10%+１ヶ月に１回日給の半額','月末締めの翌月10日','無し','','可能','可能','','',NULL,NULL,NULL,NULL,1,NULL,1,NULL,1,NULL,'',1,NULL,NULL,NULL,NULL,NULL,NULL),(1166,'SIRENE','シレーヌ',4,4,'20：00〜01：00',NULL,'土、日、祝日','無し','日給／80000','日給／20000','日給／30000','日給／20000','10000','不可','不可','無し','','同伴４回〜８回','有り','','10%+１ヶ月に１回日給の半額','月末締めの翌月10日','無し','','可能','可能','','',NULL,NULL,NULL,NULL,1,NULL,1,NULL,1,NULL,'',1,NULL,NULL,NULL,NULL,NULL,NULL),(1167,'Lucent','ルーセント',4,4,'20：00〜01：00',NULL,'土、日、祝日','無し','日給／60000','日給／20000','日給／30000','日給／20000','10000','不可','不可','無し','','同伴４回〜８回','有り','','10%+１ヶ月に１回日給の半額','月末締めの翌月10日','無し','','可能','可能','','',NULL,NULL,NULL,NULL,1,NULL,1,NULL,1,NULL,'',1,NULL,NULL,NULL,NULL,NULL,NULL),(1168,'Randole','ランドール',4,4,'20：00〜01：00',NULL,'土、日、祝日','無し','日給／60000','日給／20000','日給／30000','日給／20000','10000','不可','不可','無し','','同伴４回〜８回','有り','','10%+１ヶ月に１回日給の半額','月末締めの翌月10日','無し','','可能','可能','','',NULL,NULL,NULL,NULL,1,NULL,1,NULL,1,NULL,'',1,NULL,NULL,NULL,NULL,NULL,NULL),(1169,'CREOLE','クレオール',4,4,'20：00〜01：00',NULL,'土、日、祝日','無し','日給／60000','日給／20000','日給／30000','日給／20000','10000','不可','不可','無し','','同伴４回〜８回','有り','','10%+１ヶ月に１回日給の半額','月末締めの翌月10日','無し','','可能','可能','','',NULL,NULL,NULL,NULL,1,NULL,1,NULL,1,NULL,'',1,NULL,NULL,NULL,NULL,NULL,NULL),(1170,'club ARROW','アロー',4,4,'',NULL,'','','','','','','','','','','','','','','','','','','','','','',NULL,NULL,NULL,NULL,NULL,NULL,NULL,NULL,1,NULL,'',1,NULL,NULL,NULL,NULL,NULL,NULL),(1171,'club KAHALA','カハラ',4,4,'',NULL,'','','','','','','','','','','','','','','','','','','','','','',NULL,NULL,NULL,NULL,NULL,NULL,NULL,NULL,1,NULL,'',1,NULL,NULL,NULL,NULL,NULL,NULL),(1172,'club O','オー',4,4,'20：00〜01：00',NULL,'土、日、祝日','無し','日給／60000','日給／25000','日給／30000','日給／20000','10000','不可','不可','無し','','同伴４回〜８回','有り','','','月末締めの翌月10日','無し','2室','可能','可能','弱い','',NULL,NULL,NULL,NULL,1,NULL,1,NULL,1,NULL,'',1,NULL,NULL,NULL,NULL,NULL,NULL),(1173,'club WIN','ウィン',4,4,'20：00〜01：00',NULL,'土、日、祝日','無し','日給／60000','日給／25000','日給／30000','日給／20000','10000','不可','不可','無し','','同伴４回〜８回','有り','','','月末締めの翌月10日','無し','1室','可能','可能','弱い','',NULL,NULL,NULL,NULL,1,NULL,1,NULL,1,NULL,'',1,NULL,NULL,NULL,NULL,NULL,NULL),(1174,'ORPHEE','オルフェ',3,4,'20：00〜01：00',NULL,'土、日、祝日','無し','8000','3000','4000','3000','5000','不可','可能','1:30','','無し','有り','','10.21%+1ヶ月に5000','月末締めの翌日13日','指名、同伴、ドリンク、ボトル','無し','可能','可能','強い','',NULL,NULL,NULL,NULL,1,1,1,1,1,NULL,'',1,NULL,NULL,NULL,NULL,NULL,NULL),(1175,'みなも','ミナモ',3,4,'20：00〜01：00',NULL,'土、日、祝日','無し','8000','3000','4000','3000','5000','不可','可能','1:30','','無し','有り','','10.21%+1ヶ月に5000','月末締めの翌日13日','指名、同伴、ドリンク、ボトル','1室','可能','可能','強い','',NULL,NULL,NULL,NULL,1,1,1,1,1,NULL,'',1,NULL,NULL,NULL,NULL,NULL,NULL),(1176,'MATIO','マティオ',3,4,'20：00〜01：00',NULL,'土、日、祝日','無し','8000','3000','4000','3000','5000','不可','可能','1:30','','無し','有り','中央区銀座8-6-24銀座会館B1','10.21%+1ヶ月に5000','月末締めの翌日13日','指名1000円～3000円\r\n同伴5000円\r\n場内1000円\r\nドリンク　本指1500円　場内1000円\r\nボトル50%～80%','1室','可能','可能','強い','SB５万～',0,0,0,0,1,1,1,1,1,0,'',1,NULL,'2019-03-26 00:31:44',NULL,NULL,0,''),(1177,'Seventy  Seven','セブンティーセブン',3,4,'20：00〜01：00',NULL,'土、日、祝日','無し','8000','3000','4000','5000','5000','不可','可能','1:30','','無し','有り','中央区銀座8-5-15SVAX銀座ビル7F','10.21%+1ヶ月に5000','月末締めの翌日13日','指名1000円～3000円\r\n同伴5000円\r\n場内1000円\r\nドリンク　本指1500円　場内1000円\r\nボトル50%～80%','無し','可能','可能','強い','SB５万～',0,0,0,0,1,1,1,1,1,0,'',1,NULL,'2019-03-26 00:31:03',NULL,NULL,0,''),(1178,'竹川','チクセン',3,4,'20：00〜01：00',NULL,'土、日、祝日','無し','8000','3000','4000','3000','5000','不可','可能','1:30','','無し','有り','中央区銀座7-7-12ニューコンパルビルB1','10.21%+1ヶ月に5000','月末締めの翌日13日','指名1000円～3000円\r\n同伴5000円\r\n場内1000円\r\nドリンク　本指1500円　場内1000円\r\nボトル　50～80%','','可能','可能','強い','SB５万～',0,0,0,0,1,1,1,1,1,0,'',1,NULL,'2019-03-26 00:30:09',NULL,NULL,0,''),(1179,'club THIRD FLOOR','サードフロア',4,4,'20：00〜01：00',NULL,'土、日、祝日','無し','上限なし','日給／25000','日給／30000','日給／20000','10000','不可','不可','1:30','都内','同伴３回〜５回','有り','中央区銀座8-6-18奥村ブラッツビル3F','1ヶ月￥20000','月末締めの翌月10日','無し','無し','可能','可能','弱い','',0,0,0,0,1,0,1,0,1,0,'',1,NULL,'2019-03-26 00:29:30',NULL,NULL,0,''),(1180,'柳','ヤナギ',4,4,'20：00〜01：00',NULL,'土、日、祝日','無し','上限なし','日給／25000','日給／30000','日給／20000','10000','不可','不可','1:30','都内','同伴３回〜５回','有り','中央区銀座8-6-18奥村ブラッツビル4F','1ヶ月￥20000','月末締めの翌月10日','無し','','可能','可能','弱い','SB女子給10%',0,0,0,0,1,0,1,0,1,0,'',1,NULL,'2019-03-26 00:28:53',NULL,NULL,0,''),(1181,'club NaNa','ナナ',4,4,'20：00〜01：00',NULL,'土、日、祝日','無し','日給／40000','日給／25000','日給／30000','日給／20000','10000','不可','不可','無し','','同伴６回','有り','中央区銀座7-6-12第５ポールスタービル4F','月に１回日給の半分＋10000+10％','月末締めの翌月10日','無し','無し','可能','可能','弱い','SB女子給10%',0,0,0,0,1,0,1,0,1,0,'',1,NULL,'2019-03-26 00:27:39',NULL,NULL,0,''),(1182,'club Rill','リル',4,4,'19:30〜01:00',NULL,'土、日、祝日','無し','8000','3000','4000','3500','5000','不可','可能','1:30','','同伴','有り','','10%+1日500','月末締めの翌月15日','本指名、場内、ボトル','1室','可能','可能','弱い','',NULL,NULL,NULL,NULL,1,NULL,1,NULL,1,NULL,'',1,NULL,NULL,NULL,NULL,NULL,NULL),(1183,'club LANDEL','ランデル',4,4,'20：00〜01：00',NULL,'土、日、祝日','無し','日給／40000','日給／20000','日給／30000','日給／15000','10000','不可','可能','無し','','同伴４回〜８回','有り','','10%+月10000','20日営業後の10日後','無し','1室','可能','可能','弱い','',NULL,NULL,NULL,NULL,1,NULL,1,NULL,1,NULL,'',1,NULL,NULL,NULL,NULL,NULL,NULL),(1184,'club GRES','グレ',4,4,'20：00〜01：00',NULL,'土、日、祝日','無し','','','','','','','','','','','','','','','','','可能','可能','','',NULL,NULL,NULL,NULL,NULL,NULL,1,NULL,1,NULL,'',1,NULL,NULL,NULL,NULL,NULL,NULL),(1185,'緑樹','エンジュ',4,4,'20：00〜01：00',NULL,'土、日、祝日','無し','','','','','','','','','','','','','','','','','可能','可能','','',NULL,NULL,NULL,NULL,NULL,NULL,1,NULL,1,NULL,'',1,NULL,NULL,NULL,NULL,NULL,NULL),(1186,'club  URUWASHI','ウルワシ',3,4,'19:00〜01:00',NULL,'日、祝日','有り','4000','4000','4000','4000','不可','不可','可能','無し','','無し','有り','','無し','月末締めの翌月10日','','','可能','可能','印鑑有れば可能','',NULL,NULL,NULL,NULL,1,NULL,1,NULL,1,NULL,'',1,NULL,NULL,NULL,NULL,NULL,NULL),(1187,'Themis','テミス',4,4,'20：00〜01：00',NULL,'土、日、祝日','無し','日給／60000','日給／25000','日給／30000','3500','10000','不可','可能','無し','','同伴４回〜８回','有り','','10.21%+月5000','','無し','1室','可能','可能','弱い','',NULL,NULL,NULL,NULL,1,NULL,1,NULL,1,NULL,'',1,NULL,NULL,NULL,NULL,NULL,NULL),(1188,'club VERBE','ベルべ',4,4,'20：00〜01：00',NULL,'土、日、祝日','無し','日給／60000','日給／25000','日給／30000','','10000','不可','不可','無し','','同伴４回〜８回','有り','','','','無し','','可能','可能','弱い','',NULL,NULL,NULL,NULL,1,NULL,1,NULL,1,NULL,'',1,NULL,NULL,NULL,NULL,NULL,NULL),(1189,'菜々子','ナナコ',1,4,'18:00〜03:00',NULL,'年中無休','有り','5000','2000','2500','2000','5000','不可','可能','無し','','無し','無し','中央区銀座8-5-10金成ビルB!','10%','月末締めの翌月10日','同伴バック￥500、同伴バック￥1000','無し','可能','可能','弱い','SB５万～',0,0,0,0,1,0,1,0,1,0,'',1,NULL,'2019-03-26 00:25:40',NULL,NULL,0,''),(1190,'MILANO CLUB','ミラノクラブ',3,4,'19:00〜02:00',NULL,'日、祝日','有り','18000','3500','5000','4000','10000','不可','可能','2:30','','有り','有り','','厚生費500','','有り','1室','可能','可能','弱い','',NULL,NULL,NULL,NULL,1,NULL,1,NULL,1,NULL,'',1,NULL,NULL,NULL,NULL,NULL,NULL),(1191,'club  VENUS','ビーナス',4,4,'',NULL,'','','','','','','','','','','','','','','','','','','可能','可能','弱い','',NULL,NULL,NULL,NULL,NULL,NULL,NULL,NULL,1,NULL,'',1,NULL,NULL,NULL,NULL,NULL,NULL),(1192,'Jardin','ジャルダン',4,4,'20：00〜01：00',NULL,'土、日、祝日','無し','日給／20000','日給／20000','日給／20000','日給／15000','10000','不可','可能','無し','','無し','有り','','10%+１ヶ月に１回／￥30000-','月末締めの翌月10日','無し','無し','可能','可能','弱い','',1,NULL,NULL,NULL,1,NULL,1,NULL,1,NULL,'',1,NULL,NULL,NULL,NULL,NULL,NULL),(1193,'Royal garden','ロイヤルガーデン',4,4,'20：00〜01：00',NULL,'土、日、祝日','無し','日給／100000','日給／20000','日給／30000','日給／15000','応相談','不可','不可','無し','','同伴５回','有り','中央区銀座8-6-21ウォータータワービル6F','10%+１ヶ月に１回日給の半額','月末締めの翌月10日','無し','無し','可能','可能','弱い','SB女子給10%',0,0,0,0,1,0,1,0,1,0,'',1,NULL,'2019-03-26 00:26:37',NULL,NULL,0,''),(1194,'金銀彩','キンギンサイ',3,4,'20：00〜01：00',NULL,'土、日、祝日','無し','10000','3000','5000','3000','5000','不可','可能','無し','','無欠100パー 当欠24:00〜18:00まで50パー ヘアメ無 2000円 注意後発生','有り1500円','中央区銀座7-8-15第２新橋会館4F',' 800円 ヘアメ:グループ内1500円 ※予約制 日給から雑費引いた正規の所得税','','バック\r\n指名バック 1本1,000円\r\n同伴バック 1ポイント2,000円\r\n※同伴ポイント計算は同伴で来店されたお客様÷同伴に行った女性のため１回で複数ポイントとなる場合もあります。','','可能','可能','弱い','SB一勤4000円～',1,0,0,0,1,0,1,0,1,0,'',1,NULL,'2019-04-06 21:43:30',NULL,NULL,1,''),(1195,'清水','クラブ シミズ',4,4,'20：00〜01：00',NULL,'土、日、祝日','無し','日給／35000','日給／25000','日給／30000','日給／15000','5000〜10000','不可','可能','無し','','同伴５回','有り','','10%+１ヶ月に１回日給の半額','','無し','','可能','可能','弱い','',1,NULL,NULL,NULL,1,NULL,1,NULL,1,NULL,'',1,NULL,NULL,NULL,NULL,NULL,NULL),(1196,'Villa Barone','ヴィラバローネ',4,4,'20：00〜01：00',NULL,'土、日、祝日','無し','日給／35000','日給／25000','日給／25000','日給／20000','10000','不可','不可','LAST便','強い','同伴４回','有り','','10%+１ヶ月に１回日給の半額','','無し','無し','可能','可能','弱い','',NULL,NULL,1,NULL,1,NULL,1,NULL,1,NULL,'',1,NULL,NULL,NULL,NULL,NULL,NULL),(1197,'club RITZ','リッツ',4,4,'20：00〜01：00',NULL,'土、日、祝日','無し','','','日給／30000〜40000','','','','','','','同伴３〜５回','','','','','','','','','','',NULL,NULL,NULL,NULL,NULL,NULL,NULL,NULL,1,NULL,'',1,NULL,NULL,NULL,NULL,NULL,NULL),(1198,'club KAJI','カジ',4,4,'',NULL,'','','','','','','','','','','','','','','','','','','','','','',NULL,NULL,NULL,NULL,NULL,NULL,NULL,NULL,1,NULL,'',1,NULL,NULL,NULL,NULL,NULL,NULL),(1200,'R CRAZY','アール クレイジー',3,1,'20：00〜02：00',NULL,'日、祝日','有り','10000','4000','5500','4000','〜20000','時給の全額日払い応相談','０時上がりなら可能','LAST便','強い','無し','有り','','10％＋厚生費1日2000円','月末締め翌月15日','同伴バック 小計15%〜20%、本指名\\1000-/1h、場内\\800-/1h、\\15000-以上のボトル金額の10%バック、出勤20日以上で\\10000-バック','無し','可能','可能','強い','',1,1,1,1,1,1,1,NULL,NULL,NULL,'',1,NULL,NULL,NULL,NULL,NULL,NULL),(1201,'ROSEY','ローゼ',4,1,'20：00〜01：00',NULL,'土、日、祝日','無し','日給／40000','日給／25000','日給／30000','日給／20000','5000〜10000','不可','不可','LAST便','強い','同伴５回/月','有り','','','日給分が月末締め翌月15日/バック分が月末締めの翌月末','同伴5000〜7000/時間帯スライド 本指名\\3000- 場内月に10本で\\1000-〜/本数スライド','無し','可能','可能','強い','',NULL,NULL,1,NULL,1,1,1,NULL,NULL,NULL,'',1,NULL,NULL,NULL,NULL,NULL,NULL),(1202,'club D','ディー',3,4,'20：00〜02：00',NULL,'日、祝日','有り','20000','3000','4000〜5000','3000〜4000','10000','不可','可能','1:00、2:00、3:00','強い','同伴４回/月','有り','中央区銀座8-5-22','10％＋厚生費半期3000円','15日締めの翌月末日','同伴5000　本指名2000　場内1000　ボトル10%　VIPは全部+1000','6卓','可能','可能','強い','SB５万～',1,1,1,0,1,1,1,0,1,0,'',1,NULL,'2019-03-26 00:02:02',NULL,NULL,0,''),(1203,'efuka','エフカ',3,4,'20：00〜01：00',NULL,'土、日、祝日','無し','','','4000〜5000','4000','5000','不可','可能','1:00','弱い','無し','有り','','10％＋厚生費1日1000円','末締めの翌月16日現金手渡し','','無し','可能','可能','強い','',1,NULL,NULL,NULL,1,1,1,NULL,NULL,NULL,'',1,NULL,NULL,NULL,NULL,NULL,NULL),(1204,'ピロポ','ピロポ',4,4,'20：00〜01：00',NULL,'土、日、祝日','無し','日給／60000','日給／25000','日給/30000〜40000','日給／20000','応相談','不可','不可','無し','無し','有り','有り','中央区銀座6-6-11第四ポールスタービル3F','10.21％','月末締め16日払い','同伴　2000円\r\n本指名　3000円～6000円\r\n場内　2000円～\r\nドリンク　500円\r\n※本数により金額変動','無し','可能','可能','普通','SB10万～',0,0,0,0,0,0,0,0,1,0,'',1,NULL,'2019-03-26 00:00:48',NULL,NULL,0,''),(1205,'VENETIAN','ヴェネチアン',3,4,'20：00〜03：00',NULL,'日、祝日','有り','50000','3500','5000〜6000','3500','5000〜10000','不可','不可','1:00、2:00、3:00','弱い','無し','有り','','10％＋厚生費1日1500円','末締め翌月20日払い','同伴3500　本指名2000　場内500　ドリンク100','1室','30歳以上は売上無いときつい','可能','弱い','',NULL,NULL,NULL,1,1,NULL,NULL,NULL,1,NULL,'',1,NULL,NULL,NULL,NULL,NULL,NULL),(1206,'ISELLE','イゼル',3,4,'20：00〜04：00',NULL,'日、祝日','有り','','','4000〜5000','3000〜3500','5000','不可','不可','2:00、3:00','弱い','無し','有り','','','','同伴1500　本指名1500　場内1500　ドリンク10%','無し','可能','不可','強い','',NULL,NULL,NULL,1,NULL,1,NULL,NULL,1,NULL,'',1,NULL,NULL,NULL,NULL,NULL,NULL),(1207,'club alba','アルバ',3,4,'20：00〜01：00',NULL,'日、祝日','有り','','','4000','2500','5000〜10000','','','1:00','弱い','無し','有り','','10％＋厚生費1日1000円','','','','30代が主','可能','','',NULL,NULL,NULL,NULL,NULL,NULL,NULL,NULL,NULL,NULL,'',1,NULL,NULL,NULL,NULL,NULL,NULL),(1208,'春','ハル',4,4,'20：00〜01：00',NULL,'土、日、祝日','無し','日給／60000','','日給／30000〜40000','日給／20000〜25000','','不可','不可','無し','','','','','','','','','','','強い','',NULL,NULL,NULL,NULL,1,1,1,NULL,1,NULL,'',1,NULL,NULL,NULL,NULL,NULL,NULL),(1209,'club Lucente','ルシェンテ',3,4,'20：00〜01：00',NULL,'土、日、祝日','無し','10000円','4000円','5000〜6000','4000円','前期5000　後期10000','不可','可能','有り','','無し','有り','中央区銀座8-6-18奥村プラッツビル6F','10%','月末締め20日払い','同伴5000　本指名1000〜　場内1000〜','','可能　上は32歳','可能','','SB一勤2000円',0,0,0,0,1,0,1,0,1,0,'',1,NULL,'2019-03-25 17:06:20',NULL,NULL,0,''),(1210,'LEGEND','レジェンド',3,4,'20：00〜03：00',NULL,'日、祝日','有り','売り上げ折半','','','3000','10000','不可','可能','1:00、3:00、4:00','','無し','有り','','10%＋厚生費1日1000円','1〜15翌月出勤日　16〜末翌月16日以降出勤日','同伴1000〜2000　場内500〜1000　本指名5％　ドリンク100','','上が33、３４歳','','','',NULL,NULL,NULL,NULL,NULL,NULL,NULL,NULL,1,NULL,'',1,NULL,NULL,NULL,NULL,NULL,NULL),(1211,'イプセ','イプセ',4,4,'20：00〜01：00',NULL,'土、日、祝日','無し','日給60000','日給30000','日給35000','日給20000','応相談','応相談','可能（応相談）','無し','','同伴月4回','有り','中央区銀座8-6-22ピアースビル4F','10.21％','月末締め15日払い','','','','','','SB女子給10%',0,0,0,0,0,0,0,0,1,0,'',1,NULL,'2019-03-25 17:04:02',NULL,NULL,0,''),(1212,'暁','アカツキ',3,4,'20：00〜02：00',NULL,'土、日、祝日','無し','26000','3000','5000〜6000','3000〜','応相談で何でも','可能','基本無し','LAST便','弱い','金曜のみ有り','有り','','10%','15日締めの翌月25日','同伴3000　本指名1500　場内1000　ドリンク200〜400','2室','可能','不可','強い','',NULL,NULL,NULL,NULL,NULL,1,1,1,1,NULL,'',1,NULL,NULL,NULL,NULL,NULL,NULL),(1213,'Lazo','ラソ',4,4,'20：00〜01：00',NULL,'土、日、祝日','無し','日給50000円','日給25000円','日給30000円','日給20000えん','無し（応相談）','不可','有り','無し','','有り同伴４回','有り','中央区銀座7-7-6アスタープラザビルディング4F','10.21％','月末締め20日払い','','無し','可能','可能','強い','SB女子給10%',0,0,0,0,0,0,0,0,1,0,'',1,NULL,'2019-03-25 17:01:40',NULL,NULL,0,''),(1214,'GRANT','グランツ',3,4,'20：00〜02：00',NULL,'土、日、祝日','無し','一律3000','一律3000','一律3000','一律3000','','','可能','白タク','','無し','無し','','','','本指名3000　場内1000　ドリンク1000　同伴5000（女の子判断で自由に変更可能）','','可能','','','',1,NULL,NULL,NULL,NULL,NULL,1,1,NULL,NULL,'',1,NULL,NULL,NULL,NULL,NULL,NULL),(1215,'Felice','フェリース',3,4,'19:30〜01:30',NULL,'日、祝日','有り','8000','3000','4000〜5000','3000','5000〜10000','','可能','LAST便','強い','無し','有り','','10%+厚生費月6000','前期〜末日　後期〜翌月15日','同伴5000　本指名2000　場内500毎時間　ドリンク3杯以上で100','無し','可能','無し','強い','',1,NULL,1,1,NULL,1,1,1,1,NULL,'',1,NULL,NULL,NULL,NULL,NULL,NULL),(1218,'ニュークラブO','ニュークラブオー',3,4,'20：00〜04：00',NULL,'月、日曜隔週','有り','5000','2500','3000〜4000','3000〜3500','10000','可能','不可','LAST便、都内無料','強い','遅刻1分50円　当欠10000　無欠15000','無料','','15%+厚生費1500','15日締めの翌月1日　末締めの翌月16日手渡し','同伴2000　本指名1000　場内500　ドリンクフリーでも10%　ボトルフリーでも20%　小計10%','1室','可能','可能','強い','',NULL,1,1,1,1,1,1,NULL,NULL,NULL,'',1,NULL,NULL,NULL,NULL,NULL,NULL),(1219,'心集','ココス',1,1,'20：00〜05：00',NULL,'土、日、祝日','無し','3000','2000','2000','','10000（手数料10%）','不可','可能','03:00（希望者のみ。基本無し）','弱い','無し','無し','','10%+500円/1日','月末締めの翌月10日','ドリンクバック200円、VIP時給3000円、同伴3000円、誘客1000','1室','可能','可能','強い','',1,NULL,NULL,NULL,1,1,1,1,1,NULL,'',1,NULL,NULL,NULL,NULL,NULL,NULL),(1220,'ALFA','アルファ',1,1,'22：00〜05：00',NULL,'日、祝日','有り','3500','2000','2500','2000','基本無し','応相談','相談で可能','無し','無し','月1指名日当欠10000、無欠20000','無し','','10%','月末締めの翌月10日','ドリンクバック500円、シャンパン&ワイン1000円（二人なら折版）','２室','可能','相談で可能','強い','カウンター接客は制服、個室接客は私服',1,0,0,1,1,1,1,0,1,0,'',1,NULL,'2019-03-22 23:03:30',NULL,NULL,0,'5.7.9'),(1221,'紗々寧','すずね',4,4,'20：00〜01：00',NULL,'土、日、祝日','無し','60000/日給','20000/日給','25000〜32000/日給','18000〜/日給','10000（基本一ヵ月間）','不可','不可','白タク','','同伴月３回','有り','中央区銀座8-6-24銀座会館7F','親睦旅行費15000、純利益100万以下15000、100〜150万 20000、150〜200万 30000、200万〜 40000','月末締めの翌月15日 振込','','','可能','可能','弱い','出勤日数、スタイル重視、タトゥー隠せたらOK（スーツOK）\r\n\r\nSB女子給10%',0,0,0,0,1,0,1,0,1,0,'',1,NULL,'2019-03-25 16:58:55',NULL,NULL,0,''),(1222,'舞楽処','小笠原屋',1,1,'21:00〜3:00（04:00）',NULL,'土、日、祝日','無し','MAX100万/月','3000','3500〜4000','1500','無し','不可','不可','無し','無し','ノルマ有り、遅刻ペナ有り','有り（店内に用意有り）','','10%','月末締めの翌月15日','特に無し','無し','可能','不可','強い','踊れる女の子が良い、ちょっとエッチ娘',NULL,NULL,NULL,NULL,NULL,1,1,NULL,1,NULL,'',1,NULL,NULL,NULL,NULL,NULL,NULL),(1223,'Rouge','ルージュ',3,4,'20：00〜01：00',NULL,'土、日、祝日','無し','','','','3000〜','10000','','可能','LAST便','','','','中央区銀座8-6-22銀座ピアースビル7F','','','同伴5000　本指名3000　場内500　ドリンク100','','','可能','','',0,0,0,0,0,0,0,0,1,0,'',1,NULL,'2019-03-25 16:57:43',NULL,NULL,0,''),(1225,'SOPHIA','ソフィア',4,4,'20：00〜01：00',NULL,'土、日、祝日','無し','日給40000円','日給20000円','日給25000円','日給20000円','10000','不可','可能','無し','','同伴月4回','有り','中央区銀座8-7-22第23ポールスタービル7F','10.21％','月末締め15日払い','','','可能','可能','','SB女子給10%',0,0,0,0,0,0,0,0,1,0,'',1,NULL,'2019-03-25 16:56:23',NULL,NULL,0,''),(1226,'DAHLIA','ダリア',3,4,'20：00〜01：00',NULL,'土、日、祝日','無し','10000円','3000円','4000円','3000〜','10000','不可','可能','LAST便','','応相談','有り','中央区銀座7-7-6アスタープラザビルディングB1F','10.21％　厚生費1800円（ヘアメ無料）','月末締めの翌月20日払い','同伴　3500円\r\n本指名　1500円\r\n場内指名　500円\r\nドリンク　100円\r\nボトル　小計10%','','','','','SB５万～',0,0,0,0,0,0,0,0,1,0,'',1,NULL,'2019-03-25 16:54:39',NULL,NULL,0,''),(1227,'縁','エニシ',4,4,'20：00〜01：00',NULL,'土、日、祝日','無し','一律3000','一律3000','一律3000','日給／10000','','','可能','基本終電','','','','','','','','','','','','',1,NULL,NULL,NULL,NULL,NULL,NULL,NULL,1,NULL,'',1,NULL,NULL,NULL,NULL,NULL,NULL),(1228,'King&Queen','キングアンドクイーン',3,4,'19:00〜2:00　金曜祝日4;00',NULL,'日曜 祝日','有り','5000','2500','3000〜4000','4000','5000　指名有り10000','','可能','23区内1500　ラスト便','弱い','当欠5000　17:00以降10000　無欠20000　当日シフト変更1000','有り　厚生費から','港区新橋2-15-11橘ビル7F','10%　1000','翌週支払','同伴3000　本指名1P　場内0.4P','無し','','無し','','',1,0,0,1,0,0,0,0,1,0,'',1,NULL,'2019-03-25 16:53:23',NULL,NULL,0,''),(1229,'M-carlo','エムカルロ',3,4,'19:00〜2:00　金曜祝日4;00',NULL,'日曜 祝日','有り','5000','2500','3000〜4000','4000','5000　指名有り10000','','可能','23区内1500　ラスト便','弱い','当欠5000　17:00以降10000　無欠20000　当日シフト変更1000','有り　厚生費から','','10%　1000','翌週支払','同伴3000　本指名1P　場内0.4P','無し','','無し','','',1,NULL,NULL,1,NULL,NULL,NULL,NULL,1,NULL,'',1,NULL,NULL,NULL,NULL,NULL,NULL),(1230,'S','アポストロフィー エス',1,8,'21:00〜04:00',NULL,'土、日、祝日','無し','2000','2000','2000','2000','時給の全額日払い','時給分','不可','現状無し（要望があれば作る予定）','','無欠3000','無し','','10%','月末締めの翌月20日振込 手渡しもOK','ドリンクバック500、指名1500/1h、同伴2000、ボトルバック20%','1室','可能','応相談','強い','',NULL,NULL,NULL,NULL,NULL,1,1,NULL,1,NULL,'',1,NULL,NULL,NULL,NULL,NULL,NULL),(1231,'MuseAMuse','ミューズアミューズ',4,4,'20：00〜01：00',NULL,'土、日、祝日','無し','','20000/日給','20000〜30000','10000','','','可能','無し','','同伴月3〜5','有り','','','','','','','','','',NULL,NULL,NULL,NULL,NULL,NULL,NULL,NULL,NULL,NULL,'',1,NULL,NULL,NULL,NULL,NULL,NULL),(1232,'PLATINUM 6','プラチナムシックス',2,4,'20：00〜01：00',NULL,'土、日、祝日','無し','','4000〜','','','15000','可能','可能','都内1000','','無し','無し','','10%','末締め翌月10日払いまたは全額日払い','同伴4000　本指名3000　場内2000　ボトル10%　ドリンク10%（ドリンクの合計が25000円以上の場合）','2室　セミVIP2室','','可能','','',1,1,NULL,NULL,1,NULL,NULL,1,1,NULL,'',1,NULL,NULL,NULL,NULL,NULL,NULL),(1233,'JANNE','ジャンヌ',2,10,'20:00〜1：00（最長03:00）',NULL,'日曜 祝日','有り','5000','2500','3500','3000〜','5000〜10000','時給の全額日払い可能','可能','LAST便 送り無料','千葉は船橋、埼玉は川口、越谷まで可能。','無し','無し','','10%+厚生費1500','月末締めの翌月15日、末日','同伴2000、ドリンク100、本指名・場内500〜1000円','','可能','可能','','ノリの良い女子は評価高い。ギャルはウケない傾向にある。',1,1,1,1,1,NULL,1,1,NULL,NULL,'',1,NULL,NULL,NULL,NULL,NULL,NULL),(1234,'IRIS','アイリス',2,10,'20:00〜2:00月火 20:00〜3:00水〜金曜',NULL,'土、日、祝日','無し','上限無し','2500','3500〜4000','3000〜','5000〜10000','応相談','応相談','1時、2時、3時 1000円〜','強い','ノルマ無し　勤怠ペナ有り','無し','','2000円','15日 月末 手渡し','ドリンク500円、指名1500円、同伴2500円、ボトル10%','1','可能','可能','強い','',NULL,NULL,1,NULL,1,1,1,1,NULL,NULL,'',1,NULL,NULL,NULL,NULL,NULL,NULL),(1237,'Far East Bluebird','ファーイーストブルーバード',1,5,'20:00〜5:00',NULL,'日曜 祝日','有り','2000','1500','1800','1500','5000〜','可能(手数料5%)','可能','無し','','無し','無し','','10%','月末締め翌月25日　手渡し','','','','応相談','強い','私服,Ｙシャツ貸出有り',1,NULL,NULL,1,NULL,NULL,NULL,1,1,NULL,'',1,NULL,NULL,NULL,NULL,NULL,NULL),(1238,'Medusa','メデューサ',1,1,'21:00〜5:00',NULL,'日曜 祝日','有り','2000','1500','1800〜','1500','5000','応相談','不可','不可','無し','無し','無し','','10%','月末締め翌月15日','リクエスト500,ドリンク300','セミＶＩＰ2席','','不可','強い','Ｔシャツ(店舗貸出し無料)チラシ配りなし,最高クラスに広い',NULL,NULL,NULL,1,NULL,1,NULL,1,1,NULL,'',1,NULL,NULL,NULL,NULL,NULL,NULL),(1239,'方言女子','ホウゲンジョシ',2,1,'19：00〜01：00',NULL,'日曜 祝日','有り','5000','2500','3000〜4000','2500〜','時給の全額日払い','時給分','可能','有り','普通','無し','無し','東京都港区六本木7-14-1宝祥六本木ソシアルビル7階','所得税10％','月末or時給分日払い','本指名1000,場内750,ドリンク,カラオケ各500,フード料金の15%','1','不可','可能','普通','方言話せる子,素人系\r\n地方出身の子',1,0,0,1,1,0,0,1,1,0,'',1,NULL,'2019-08-12 19:35:49',NULL,NULL,0,'10日出勤5万~'),(1240,'Bisser House','ビゼハウス',2,3,'20:00〜3:00',NULL,'日曜日・祝日','有り','5000','3000','4000','3000〜4000','応相談','応相談','あり','区ごとに分かれていて500〜2500','強い','無しだが,本指名,月12組or同伴6組でへアメ代無料','なし','東京都渋谷区恵比寿南1-8-3 東亜恵比寿ビル3F','10%厚生費500円','月末締め翌月20日　銀行','本指名20%(来店前),10%(来店時),場内バック1000(1組)+5%(ボトルバック),同伴バック25%(21時前),20%(21時以降),ドリンクバック500(ワインシャンパン),300(そのほかのアルコール)※但し本指名のドリンクは売上バックとする','','','','','服装は、基本何でも\r\n未成年NG',0,0,1,1,0,0,0,1,1,0,'',1,NULL,'2019-03-28 16:55:47',NULL,NULL,0,'8.12.15'),(1242,'インビテーション','インビテーション',4,5,'20：00〜5：00',NULL,'日曜 祝日','有り','17000','','3500','3000〜','5000〜10000','応相談','不可','3：00〜3：30','弱くはない','ペナルティ　遅刻,早退\\2000　前日欠勤\\5000　当日欠勤\\15000　無断欠勤\\20000','有り　1500','','所得税10%厚生費1000,へアメ1500,送り1000〜','月初めから月末分を翌月16日以降の6回目出勤日に支払　出勤日数少ない子は25日以降の出勤日に支払い','ドリンク　300,500,700　同伴20：55まで入店　小計25%　21：55まで入店　小計20%','無し','若めでノリが合うようならば','基本的には不可','強い','平日12〜15人　休日15〜18人　終電上がりは無し　ミニドレス,ワンピース\r\n未成年　可能',0,0,0,1,0,1,0,0,1,0,'',1,NULL,'2019-03-23 00:10:49',NULL,NULL,0,''),(1243,'カーリアン','カーリアン',3,1,'20：00〜1：00',NULL,'20:00〜1：00','無し','日給/50000','日給／25000','日給/30000〜35000','日給/15000〜20000','5000','可能','無し','1時','強い','3本(保証期間1〜2本),ペナルティ　遅刻15分10%　当日欠勤18：00まで70%それ以降100%　無断欠勤200%　同伴1本できなくて100%　パーティーノルマ有り','お店側と提携店なら1500','東京都港区六本木７丁目１３−８ フュージョンビル2F・3F','厚生費10000　所得税　名刺代3000','月末締め15日払い','同伴5000,本指名,3000,場内10本1000,20本2000','4','37歳まで','','強い','ママさん4人ほど,面接時間は16：00〜20：00前まで,ドレスコード　黒NG　ワンピースOK　ストッキング必ず',0,1,1,0,0,1,1,0,1,0,'',1,NULL,'2019-08-12 19:32:10',NULL,NULL,0,'1勤務2500円～'),(1244,'アルージュ','アルージュ',3,3,'20：00〜3：00(金曜4：00)',NULL,'土曜日','無し(日曜日営業)','5000','2500','3500','3000〜3500','勤務時間×1000円+a','無し','可能','基本23区　30分ほどの距離まで','弱い','1〜2か月はない','有り','東京都渋谷区恵比寿南1-1-4  恵比寿スカイビル B1 ','厚生費1500,所得税15%,へアメ500,送迎1000','15日と月末の2回','会計バック　本指名\\0〜\\14999(\\500),\\15000〜\\24999(\\1000),\\25000〜\\34999(\\1500)　以降会計\\10000毎に\\1000UP　・同伴バック　会計2000以上で2000　場内バック　500　ドリンクバック　1杯200〜400,シャンパン　金額の10%,キープボトル　金額の10%','無し','可能','可能','','箱小さい,フリー客が多い',1,1,0,0,1,0,1,0,1,0,'',1,NULL,'2019-03-28 16:54:44',NULL,NULL,0,'5.6.8.10'),(1245,'inc','インク',2,2,'月〜水、土20：00〜02：00、木、金03：00',NULL,'日曜 祝日','有り','10000','3000','5000','3000〜','全額日払い','可能','不可','基本2：00,木曜金曜は3：00','強い','無し','無し','','10%','全額日払い','リクエスト\\2000,予約　小計15%,新規　小計20%,2回目以降　小計10%','3','','不可','強い','',NULL,1,1,1,NULL,1,NULL,1,1,NULL,'',1,NULL,NULL,NULL,NULL,NULL,NULL),(1246,'ユミル','ユミル',1,1,'19：00〜5：00',NULL,'日曜 祝日','有り','3000','1500','2000','','','','一応可能','無し','','無し','無し','','','','無し','','','','','一応ビラ配りあるがお店に入ることが多いため基本的にビラ配りはしない',1,NULL,NULL,1,NULL,NULL,NULL,1,1,NULL,'',1,NULL,NULL,NULL,NULL,NULL,NULL),(1247,'AJITO','アジト',2,2,'21:00〜3:00　金曜4:00',NULL,'日曜 祝日','有り','10000','4000','5000','4000','全額日払い','可能','不可','有り　3便','強い','無し','無し','','15％','翌日全額','本指バック　2000円\r\n場内バック　1000円\r\n同伴バック　10000円\r\n','8室','','可能','強い','',0,1,1,1,1,1,1,1,1,0,'',0,NULL,'2019-04-28 20:06:49',NULL,NULL,0,'10日10万'),(1248,'エンジェルフェザー','エンジェルフェザー',3,8,'20:00〜25:00',NULL,'日曜 祝日','有り','25000','3000','6000','4000','','応相談','応相談','有り','強い','ペナルティ有り','有り','','10%+700円','月末締め翌月20日銀行振り込み','同伴バック　本指名バック　場内指名バック','','可能','可能','強い','',0,0,1,1,1,1,1,1,1,0,'',0,NULL,'2019-04-28 20:06:24',NULL,NULL,0,'10日10万'),(1249,'BRAVE','ブレイブ',4,4,'20:00〜1：00',NULL,'土、日、祝日','無し','日給/60000','日給／25000','日給/30000〜40000','日給/20000','10000（基本一ヵ月間）','無し','可能','無し','','同伴月4回','有り','','10%＋厚生費1日1000円','月末締めの翌月20日払い','','無し','可能','可能','','SB女子給10%',1,0,0,0,1,0,1,0,1,0,'',1,NULL,'2019-03-22 23:55:57',NULL,NULL,0,''),(1250,'IXION','イクシオン',4,1,'20:00〜1：00',NULL,'土、日、祝日','無し','日給/50000','日給／25000','日給/30000〜35000','日給/15000〜20000','5000～10000','可能','無し','1時','強い','3本(保証期間1〜2本),ペナルティ　遅刻15分10%　当日欠勤18：00まで70%それ以降100%　無断欠勤200%　同伴1本できなくて100%　パーティーノルマ有り','お店側と提携店なら1500','東京都港区六本木４丁目11−11　6階　7階','厚生費500~1000　所得税10%　名刺代3000','月末締め15日払い','同伴5000,本指名,3000,場内10本1000,20本2000','4','可能','可能','強い','カーリアンの系列店',0,0,1,0,1,1,1,0,1,0,'',1,NULL,'2019-08-12 19:30:44',NULL,NULL,0,'1勤務2500円~'),(1251,'Club　Tokyo','クラブトウキョウ',3,31,'20:00〜3：00',NULL,'日曜 祝日','有り','6000','2500','3500','3000','5000','不可','可能','1時〜ラスト','強い','無し','有り','','所得税、厚生費込20%','月末締め15日払い','','無し','可能','可能','強い','即体強い\r\nSB５万～',1,0,1,1,1,1,1,1,1,0,'',1,NULL,'2019-03-22 23:54:36',NULL,NULL,0,''),(1252,'Ｒｉｃｋｉｅ','リッキー',1,1,'20：00〜5：00',NULL,'日曜 祝日','有り','3000','2000','2000','1500','5000','不可','無し','無し','','無し','無し','','10%','月末締め15日払い','ドリンク500　ゲーム500〜','無し','可能','不可','強い','簡単なゲーム有、時給はオープニングキャストは2000円〜',NULL,NULL,NULL,1,NULL,1,1,1,1,NULL,'',1,NULL,NULL,NULL,NULL,NULL,NULL),(1253,'青い森','アオイモリ',1,4,'20：00〜5：00',NULL,'土、日、祝日','無し','3000','2000','2000','1500','5000','不可','可能','無し','','無し','無し','','10%','月末締め15日払い','','無し','可能','不可　','','小さな箱のスナック的なバーラウンジ。アットホームなので未経験などにおススメ',1,NULL,NULL,NULL,NULL,NULL,1,1,1,NULL,'',1,NULL,NULL,NULL,NULL,NULL,NULL),(1255,'diva','ディーバ',1,1,'20:00〜5:00',NULL,'日曜日、祝日','有り','時給/1800','時給/1500','時給/1500','時給/1500円','応相談','不可','可能','無し','','応相談','無し','','10.21％','月末締め20日払い','ドリンクバック300円　ビラで新規引っ張れば総売り上げの10%','','','','','ＳＢ５万～',0,0,0,0,0,0,0,0,1,0,'',0,NULL,'2019-03-22 23:51:36',NULL,NULL,0,''),(1256,'Sｈｙ','シャイ',2,4,'18:00〜25:00(基本は24:00まで)',NULL,'日曜 祝日','有り','時給/2500','時給/2000','時給/2250','時給2000〜2500','5000','不可','可能','1時','強い','無し','無し','','10%　厚生費500円','時給は週締めの週末払い　バックは末締め末払い','同伴2900(フルバック)　本指名1000　場内500　ドリンクバックはドリンクの30％　指名時ボトル10％','無し','20代前半がメイン','可能','強い','11月末〜12月頭オープン予定、ドレスコード制服(普通のシャツにスカート)',1,NULL,1,1,1,1,NULL,1,1,NULL,'',NULL,NULL,NULL,NULL,NULL,NULL,NULL),(1257,'パティック','パティック',2,NULL,'20：00〜1：00',NULL,'日曜、祝日','有り','時給/3500','時給/2500','時給/3000','','','','可能','1時','弱くはない','無断欠勤2万','無し','','10％　厚生費1,000','','同伴4,000　本指名1,000　場内500　ドリンクバック200','無し','28〜38歳までいる','可能','強い','ラウンジと謳っているスナック、スナックの割にはキレイで広め、大森付近に住んでる子などを募集',1,NULL,NULL,1,1,1,1,NULL,1,NULL,'',NULL,NULL,NULL,NULL,NULL,NULL,NULL),(1258,'バージニティー','バージニティー',2,4,'20：00〜1：00',NULL,'土曜、日曜、祝日','無し','','','時給/5000','','10,000　4時間未満5,000','応相談','可能','1時','強い','遅刻30分　1時間分の時給カット、当日欠勤　5時間分の給料カット、無断欠勤　10時間分の給料カット','無し','','10％　厚生費1,000','月末締めの翌月15日','同伴2,500、本指名2,000、場内1,000、ドリンクバック500','無し','','可能','強い','・システム上ペナルティーあるが、相当勤務態度が悪くなければ取らない　・時給は私服キャバの感覚でラウンジより出やすい　・銀座経験、売り上げのある子に関しては融通利かせる　・SB10日クリア　１０、１５、２０　(応相談で1勤務制にも出来ます)',1,NULL,1,NULL,1,1,NULL,NULL,1,NULL,'',NULL,NULL,NULL,NULL,NULL,NULL,NULL),(1260,'IVXX','アイビックス',2,1,'21:00〜2:00',NULL,'日曜 祝日','有り','時給8000','4000','4000','4000','全額日払い','可能','可能','2:00','強い','無し','無し','','10%＋送り代','','事前予約有り　本指名小計バック15％(23時までの入店)小計10％(23時以降の入店)　予約無し　本指名1時間2000バック(以降30分につき1000)　場内1000(以降30分につき500)小計20％(22時までの入店)小計15％(23時まで)小計10％(23時以降)','','ランク良ければ','可能','強い','',1,1,1,1,1,1,1,1,1,NULL,'',1,NULL,NULL,NULL,NULL,NULL,NULL),(1261,'ラフシャイン','ラフシャイン',3,4,'20:00〜1:00',NULL,'土曜 日曜 祝日','無し','時給8000','4000','4000','4000','可能','応相談','可能','1:00以降','普通','無し','無し','','10％＋送り代','末締め20日','ボトルバック50〜80％','','可能','可能','強い','',1,NULL,1,NULL,1,1,1,1,1,NULL,'',1,NULL,NULL,NULL,NULL,NULL,NULL),(1262,'A＋','エープラス',2,2,'20:00〜3:00',NULL,'土曜 日曜 祝日','無し','時給8000','3000','4000','3000＋バックもしくは3500バック無し','時給分のみ','応相談','可能','1:00以降','強い','無し','無し','','10％＋送り代','末締め15日','同伴5000(21時まで来店の方)3000(21時以降の方)本指名3000(60分毎換算)以降30分毎1500　場内1000　ドリンク500〜1000','6つ','可能','可能','強い','',NULL,1,1,NULL,1,1,1,1,1,NULL,'',1,NULL,NULL,NULL,NULL,NULL,NULL),(1263,'クリスタルハウス','クリスタルハウス',2,2,'20:00〜3:00',NULL,'日曜 祝日','あり','時給10000','3000','4000','4000','可能','可能','可能','1:00以降','強い','無し','無し','','10％＋送り代','１〜15日までが月末　15日〜３１までが翌月15日','同伴2000　本指名1500　場内1000　予約バック小計15％　','1','可能','可能','強い','',1,1,1,1,1,1,1,1,1,NULL,'',1,NULL,NULL,NULL,NULL,NULL,NULL),(1264,'Reggina','レッジーナ',2,1,'20:00〜1:00',NULL,'日曜　祝日','あり','時給10000','4000','4000','4000','可能','可能','可能','あり','普通','無し','無し','六本木5-2-1　ほうらいやビル　B1F','10％＋送り代','末締めの翌月10日払い','リクエストバック　小計10％　ステイバック　1000（延長1ｈ/1000円）エスコートバック　〜21時まで　小計の30％　21時以降　小計の20％　新規パック　初回のご来店の小計の20％','','ランク良ければ年齢制限なし','可能','強い','',1,1,0,1,1,1,1,0,1,1,'',0,NULL,'2019-04-28 20:03:29',NULL,NULL,0,'10日8万~'),(1265,'ララ','ララ',3,1,'20:00〜1:00',NULL,'土日　祝日','無し','時給50000','6000','6000','5000〜6000円','可能','可能','可能','1:00以降','普通','無し','有り','六本木3-13-14第三後藤ビルB1F','10％＋送り代','月末締めの25日払い','場内指名：3000円バック　本指名：1ポイント/1時間ごと加算　同伴：5000バック「売り上げ制」小計50％','','','可能','強い','女性システム「2パターン」　「ポイントスライド（23階級）」時給6000〜50000円　※週の出勤数多いほど時給査定あがります。　※保証期間は2ヶ月　場内指名3000円バック　本指名；1ポイント/1時間ごと加算　同伴：5000円バック　「売り上げ制」　小計の50％',1,1,0,1,0,0,0,0,0,1,'未成年　不可',0,NULL,'2019-04-28 20:03:12',NULL,NULL,0,'10日25万~'),(1266,'夢遊人','むゆうじん',8,1,'20:00〜3：00',NULL,'日曜　祝日','有り','6000','3000円','4000円','4000円','5000円','不可','可能','1時〜ラスト','強い','有り','有り','中央区八重洲1-6-4イコー八重洲ビル3F','所得税、厚生費込20%','末締めの翌月15日払い','同伴　2000円\r\n場内　500円\r\n延長　1000円\r\nドリンク　500円\r\nシャンパン　12%','','可能','可能','強い','即日体入大歓迎、採用率が高い店舗',1,0,1,0,1,1,1,0,1,1,'',1,NULL,'2019-03-25 16:51:23',NULL,NULL,0,''),(1267,'Art','アル',1,4,'20:00～5：00',NULL,'日曜　祝日','有り','時給3000','2000','2500','2000','可能','可能','可能','無し','無し','無し','無し','','','全額日払い','ビラ配り集客の小計10％','無し','可能','可能','標準','服装Yシャツにスカート　ママさん有り　ｓｂ1000～15001勤永久',1,1,1,1,1,1,1,1,1,NULL,'',NULL,NULL,NULL,NULL,NULL,NULL,NULL),(1268,'ブレア','ブレア',4,4,'',NULL,'','','','','','','','','','','','','','','','','','','','','','',NULL,NULL,NULL,NULL,NULL,NULL,NULL,NULL,NULL,NULL,'',NULL,NULL,NULL,NULL,NULL,NULL,NULL),(1269,'リリム','リリム',3,3,'20:00～2：00　週末4：00',NULL,'日曜　祝日','有り','','','','','','','','可能','強い','無し','','','','','','','','','即体ガンガン行けますので状況で使って下さい','私服ワンピース系オッケー　ｓｂ6～10',NULL,NULL,NULL,NULL,NULL,NULL,NULL,NULL,NULL,NULL,'',NULL,NULL,NULL,NULL,NULL,NULL,NULL),(1270,'Lptokyo','エルピートウキョウ',2,8,'19：00～2：00',NULL,'日曜　祝日','有り','時給6000','3000','4000','3000','可能','可能','可能','','','無し','無し','','','全額日払い','小計70％バックの売り上げ制も可能','有り','可能','可能','強い','',1,1,1,1,1,1,1,1,NULL,NULL,'',NULL,NULL,NULL,NULL,NULL,NULL,NULL),(1271,'ParkStar','パークスター',3,1,'20:00～1：00',NULL,'土日　祝日','無し','時給4000円','3000','4000','4000','可能','応相談','不可','場所により','普通','勤務ノルマ：あり（応相談）','有り　','','源泉10％厚生費10000円∼送り代1000円～ヘアーメイク代1500～','毎月20日払い','本指名：3000円場内：1000円～同伴2000円～ボトル：バックなし保証期間１ヶ月～3ヶ月（相談）','有り','可能','不可','','体入日給20000～30000円　時給4000円（未経験など）採用日給：20000円～出勤時間や出勤が不定期の場合　時給4000～相談',NULL,1,1,NULL,1,NULL,1,1,NULL,NULL,'',NULL,NULL,NULL,NULL,NULL,NULL,NULL),(1272,'LIBRET','リブレット',3,1,'20:00～1：00',NULL,'日曜　祝日','有り','上限なし','6000円','非公開','6000～上限なし','基本1万円','応相談','不可','1:00以降','強い','無し','無し','六本木3-8-18　三経ビル　１F','源泉10％共済費800円','月末締め翌20日','同伴バック3000\r\n本指バック2000\r\n場内バック1500\r\n給率バック有り','2つ','可能','可能','強い','',1,1,1,1,1,1,1,1,1,1,'',0,NULL,'2019-04-28 20:02:58',NULL,NULL,0,'10日12万'),(1273,'美人茶屋','ビジンチャヤ',3,1,'20:00～1：00',NULL,'日、祝','有り','','','','4000〜','可能','応相談','応相談','1日8便','無し','強い','','六本木3-14-11　ケントスビル7.8.9F','','月末締めの翌月20日振り込み','','','可能','可能','強い','',0,0,0,0,0,0,0,0,0,0,'',0,NULL,'2019-04-28 20:02:48',NULL,NULL,0,'10日10万'),(1274,'ディアレスト','ディアレスト',3,1,'19：00～1：00',NULL,'日曜　祝日','有り','時給4000円','','','','','','','','','','','','','','','','','','','',NULL,NULL,NULL,NULL,NULL,NULL,NULL,NULL,NULL,NULL,'',NULL,NULL,NULL,NULL,NULL,NULL,NULL),(1275,'Eｌｙsee','エリゼ',3,1,'20：30～01：00',NULL,'土日　祝日','有り','','','','','','','','','','','','','','','','','','','','',NULL,NULL,NULL,NULL,NULL,NULL,NULL,NULL,NULL,1,'',NULL,NULL,NULL,NULL,NULL,NULL,NULL),(1276,'ルミエール','ルミエール',1,1,'20:00～5：00',NULL,'日曜　祝日','有り','時給1800円','1600','1600','1600','可能','応相談','可能','無し','無し','無し','無し','','源泉10％厚生費1日500円','月末締めの15日払い（本人に手渡し払い）','☆チラシ時給（1組毎に100円アップ　場内指名バック1000円本指名バック売り上げから15％同伴バック3000円','１席','可能','可能','強い','',1,NULL,1,NULL,NULL,1,1,NULL,1,1,'',NULL,NULL,NULL,NULL,NULL,NULL,NULL),(1277,'EGOIST','エゴイスト',4,4,'20:00～1:00',NULL,'土日祝日','無し','日給４００００','日給/25000','日給/２５０００','日給/２５０００','不可','不可','応相談','有り','普通','無し','有り','','','','','','可能','可能','普通','',NULL,NULL,NULL,NULL,NULL,NULL,NULL,NULL,NULL,1,'',NULL,NULL,NULL,NULL,NULL,NULL,NULL),(1278,'グラヴィス','グラヴィス',2,3,'20:00～5：00',NULL,'日曜　祝日','有り','時給2300円','2300','2300','2300','無し','無し','不可','ラスト便のみ（23区）','','無し','無し','東京都渋谷区恵比寿西1-9-1　第2ともえビル5F','10％のみ','末締めの15日','ドリンクバック:250〜500円\r\n場内指名500円\r\n本指名1000円','1','可能','可能','普通','ロリ系が好む\r\n未成年',0,0,0,1,1,0,0,0,0,1,'',0,NULL,'2019-03-28 16:53:10',NULL,NULL,0,'1勤1000円'),(1279,'リム','リム',3,3,'20:00～3:00',NULL,'基本休み無し','有り','時給3500','2300','3000','4000円','無し','無し','可能','あり','普通','無し','有り　','東京都渋谷区恵比寿4-4-14　3F ','送り、へアメ、構成費込みで3000円','末締めの15日','ドリンクバック200円～ボトルバック10％本指名１０００場内指名５００or小計２０％バック','','可能','可能','普通','',1,0,1,1,1,0,0,0,0,1,'',0,NULL,'2019-03-28 16:52:32',NULL,NULL,0,''),(1280,'メルローズ','メルローズ',3,3,'20:00～5：00',NULL,'日曜　祝日','有り','2000円','2000円','2500円','2000～4000円','無し','無し','可能','1:00or3:00','普通','無し','有り','東京都渋谷区恵比寿西1-8-10 木村ビルB1F','所得税１０％厚生費５％送り代へアメ代ドレスクリーニング','','','','可能','可能','普通','リンク、プリズム系列ブスでもok週１、３～ok\r\n誰でも即日体験入店いける',1,0,0,1,1,0,1,1,1,1,'',0,NULL,'2019-03-28 16:51:48',NULL,NULL,0,'3.4.5'),(1281,'intitle','インタイトル',2,3,'20:00～3:00',NULL,'日曜　祝日','有り','時給10.000','3000','4000','4000','有り','無し','可能','24：４５～30分事にでる','普通','無し','無し','東京都渋谷区恵比寿南1-4-13 REMAX恵比寿ビル5階・6階','源泉10％共済日500円（1日）','翌月20日銀行振り込み','本指名:１５％～20％\r\n同伴:20%~30%　\r\n場内指名:1000円\r\nワインバック:500〜1000円','有り','可能','可能','普通','2016年12/1オープン\r\n服装パンツスタイルでも\r\n未成年NG',1,0,1,0,1,0,1,1,0,1,'',1,NULL,'2019-03-28 16:50:52',NULL,NULL,0,'8.12.15'),(1282,'M.S','エムズ',1,1,'20:00～5：00',NULL,'日曜　祝日','有り','時給2000','2000','2000','2000','無し','無し','可能','無し','無し','無し','無し','','','','','','','','','',NULL,NULL,NULL,NULL,NULL,NULL,NULL,NULL,NULL,1,'',NULL,NULL,NULL,NULL,NULL,NULL,NULL),(1283,'Jクラブ','ジェイクラブ',4,9,'19:00〜7:00',NULL,'年中無休','有り','４０００円','2000円','3000円','3000円','有り（5000円）','不可','応相談','あり','普通','ペナルティ有り','有り','東京都渋谷区宇田川町26-4　ＬＵ82ビル　地下1Ｆ','１０％共済日￥１５００/送り代','月末締め翌月15日銀行振り込み','小計バック１０％　場内指名￥１０００　同伴￥３０００','','可能','応相談','普通','朝の7時までやっているお店\r\n終電上がりも可能',0,0,0,1,1,0,0,0,1,1,'',0,NULL,'2019-03-28 16:49:55',NULL,NULL,0,'5.10.15'),(1284,'グレイス','グレイス',2,5,'20:00～3：00',NULL,'土曜　日曜　祝日','無し','8000円','3000円','4000円','3000円～','可能','不可','応相談','3回（1:00/2:00/3:00）','普通','無し','無し','赤阪3-12-2　赤阪慶和ビルB1F','※１０％+送迎費が天引き','バック分翌月出勤日払い','本指名1000円　場内指名500円　同伴50％　誘客30％','有り','可能','可能','普通','未成年　可能',1,0,0,1,1,0,1,1,1,1,'',0,NULL,'2019-04-28 20:02:08',NULL,NULL,0,'1勤務　2000~'),(1285,'クラブ凛','クラブリン',4,5,'20:00～1：00',NULL,'土日祝日','無し','日給４００００','日給／２００００','日給２００００','日給20000','不可','不可','不可','有り','普通','無し','有り','','','','同伴５０００（延長毎に支給）　ホール場内指名2000円　ボトルの売値の１０％（顧客の担当に支給）自客の月間売上トータルトータルの５％','','可能','可能','普通','11月7日オープン予定　韓国人のオーナー　ママがいる店舗',NULL,NULL,NULL,NULL,NULL,NULL,NULL,NULL,NULL,1,'',1,NULL,NULL,NULL,NULL,NULL,NULL),(1286,'香原','カハラ',4,4,'20:00～1：00',NULL,'土日祝日','無し','時給4000','3000','3000','3000','応相談','不可','応相談','無し','無し','無し','無し','','','','','','可能','可能','普通','銀座８丁目ミニクラブ',NULL,NULL,NULL,NULL,NULL,NULL,NULL,NULL,NULL,1,'',NULL,NULL,NULL,NULL,NULL,NULL,NULL),(1287,'ナイン','ナイン',3,6,'20：30～4;00',NULL,'日曜　祝日','有り','時給４０００','3000','3000','3000','３０００～５０００','不可','応相談','500～1500','普通','有り','有り','','１０％厚生費１０００/送り代','月末締め翌月25日（手渡し）','同伴3000/本指名1000/場内500/ドリンクバック200～600','0','可能','応相談','普通','',0,0,0,1,1,0,1,0,1,1,'',0,NULL,'2019-03-22 16:50:53',NULL,NULL,0,'6万、8万、10万'),(1288,'BEKKAN','ベッカン（レジの2号店）',2,2,'19:00～1:00',NULL,'日曜、祝日','有り','上限なし','5000円','5000円','4000〜','可能','可能','応相談','有り','強い','無し','無し','西麻布2-25-23　バルビゾン27　B1F　２F','15％','翌日全額振込','ドリンクバック　1500円\r\n場内、本指名バック　4500円\r\n予約バック　2000円\r\n同伴バック　10000、5000、2000　時間変動','Secret','可能','可能','強い','西麻布最高級ラウンジ',0,0,0,0,0,0,0,0,0,1,'',0,NULL,'2019-04-28 20:01:53',NULL,NULL,0,'10日　15万'),(1289,'XO','エックスオー',2,2,'19:00～1:00',NULL,'日曜　祝日','有り','','','','','','','','','','無し','無し','六本木3-11-6　21泰明ビル9F','','','','','','','','',0,0,0,0,0,0,0,0,0,1,'',0,NULL,'2019-03-26 14:41:37',NULL,NULL,0,''),(1290,'薄雲','ウスグモ',NULL,9,'20:00～1:00',NULL,'土日曜　祝日','','時給4000円','4000','4000','4000','4000','応相談','可能','1:00','普通','無し','無し','','','','','','','','','',NULL,NULL,NULL,NULL,NULL,NULL,NULL,NULL,NULL,NULL,'',NULL,NULL,NULL,NULL,NULL,NULL,NULL),(1291,'アイリス','アイリス',3,6,'20:00～5:00',NULL,'日曜　祝日','有り','時給3200','3200','3200','3200','不可','不可','可能','有り','普通','有り','有り','','所得税６％厚生費10％/送り代500円～/へアメ代1000','月末締め翌月17日','同伴3000円/本指名、場内指名500円/ドリンク10％～20％','無し','可能','可能','普通','リンク、プリズム、メルローズの系列店',1,0,0,1,1,0,0,0,1,1,'',0,NULL,'2019-03-22 16:52:04',NULL,NULL,0,'5万～'),(1292,'アリュール','アリュール',4,6,'20:00～5:00',NULL,'無休','有り','時給3000','2500','3000','2500～3000','不可','不可','可能','500円～3000','普通','無し','有り','','TAX１０％/厚生費１０％','1日～15日締め翌月10日、16日～末締め翌月１6日２回','同伴バック3000/本指名1000/場内500円/ドリンク100～/ボトル15％～20％','無し','可能','可能','普通','',1,0,0,1,1,0,0,0,1,1,'',0,NULL,'2019-03-22 16:48:45',NULL,NULL,0,'7万～（七日クリア）'),(1293,'エンジェル','エンジェル',1,10,'20:00～5:00',NULL,'日曜　祝日','','時給1600','1600','1600','1600','応相談','応相談','可能','無し','無し','無し','無し','','','','ドリンクバック300　ボトル10％　指名10％　同伴2000','','可能','可能','普通','制服ナースor女医　とにかく客が入るので稼ぎやすいとのことです！　手取り60万～80万の子もいるみたいです。',1,NULL,NULL,1,1,1,1,1,1,1,'',NULL,NULL,NULL,NULL,NULL,NULL,NULL),(1294,'コースト','コースト',4,6,'20：00～5：00',NULL,'日曜','','時給3000円','3000円','3000円','3000円','保証期間有り','保証期間有り','応相談','1000～','普通','ノルマ無しペナルティー有り','自由','東京都目黒区自由が丘1-13-10 山田ビル3F','ＴＡＸ10％厚生費1000　送り代','1～15日絞め月末払い　16日～末締め翌月15日の月払い','同伴1000～2000　本指名小計5％～20％　場内300　ドリンク100','','可能','可能','普通','ＳＢ1勤3000円～',1,1,0,1,1,1,1,0,1,1,'',0,NULL,'2019-03-28 16:48:36',NULL,NULL,0,'5.6.7'),(1295,'Kingyo','キンギョ',1,3,'20：00～3：00ｏｒ5：00',NULL,'日曜　祝日','','時給1700円','1650','1500','1500～1700','無し','無し','有り','無し','無し','無し','無し','東京都渋谷区恵比寿1丁目5-8 初鹿野ビル 1F','源泉20％','末締め翌月15日払い','','無し','','可能','普通','',1,0,0,1,1,0,0,1,1,1,'',0,NULL,'2019-03-28 16:47:31',NULL,NULL,0,''),(1296,'COCOdeNOOM','ココデノム',1,8,'20：00～5：00',NULL,'日曜','','時給1500','1500','1500','1500','可能','可能','有り','','強い','無し','無し','','10％全日の場合20％','末締め翌月15日払い','','無し','','可能','強い','',1,1,1,1,1,1,NULL,1,1,1,'',NULL,NULL,NULL,NULL,NULL,NULL,NULL),(1297,'UP\'ｓ','アップス',4,4,'20：00～1：00',NULL,'土日祝日','','日給４００００','日給/20000','日給25000','20000～30000','可能','応相談','無し','有り','普通','有り','有り','','1ヶ月約￥15000～￥20000','月末締め15日払い','','','応相談','可能','普通','',NULL,NULL,NULL,NULL,1,NULL,1,NULL,1,1,'',NULL,NULL,NULL,NULL,NULL,NULL,NULL),(1298,'プラティーナ','プラティーナ',4,4,'20：00～1：00',NULL,'土日祝日','','日給40000','日給20000','日給25000','20000～30000','可能','応相談','無し','有り','普通','有り','有り','中央区銀座7-5-12ニューギンザビル8号館F2','1ヶ月約￥15000～￥20000','月末締め15日払い','','','応相談','可能','普通','SB一勤2000円',0,0,0,0,1,0,1,0,1,1,'',0,NULL,'2019-03-25 16:47:44',NULL,NULL,0,''),(1299,'叡','エイ',4,4,'20：00～1：00',NULL,'土日祝日','無し','日給40000','日給/15000','日給20000','日給18000','応相談','無し','無し','無し','','有り','有り','中央区銀座8-4-2だくみビル5F','1ヶ月約￥15000～￥20000','月末締め15日払い','ＳＢ一勤2000円','','応相談','可能','普通','',0,0,0,0,1,0,1,0,1,1,'',0,NULL,'2019-03-25 16:17:25',NULL,NULL,0,''),(1300,'アユカワ','アユカワ',4,4,'20：00～1：00',NULL,'土日祝日','無し','日給40000','日給/15000','日給20000','日給18000','可能','応相談','有り','有り','普通','有り','有り','中央区銀座7-5-4毛利ビルB1','1ヶ月約￥15000～￥20000','月末締め15日払い','無し','無し','応相談','可能','普通','SB一勤2000円～',0,0,0,0,1,0,1,0,1,1,'',0,NULL,'2019-03-25 16:15:12',NULL,NULL,0,''),(1301,'緑樹','エンジュ',4,4,'20：00～1：00',NULL,'土日祝日','','日給５００００','日給/30000','日給35000','30000～35000','可能','応相談','無し','有り','普通','有り','有り','中央区銀座8-5-22　805銀座ビル','1ヶ月約￥15000～￥20000','月末締め15日払い','','','応相談','可能','普通','SB女子給10%',0,0,0,0,1,0,1,0,1,1,'',0,NULL,'2019-03-25 16:16:37',NULL,NULL,0,''),(1302,'プレシャス','エアー',2,10,'20：00～5：00',NULL,'日曜','','時給1500','1500','1500','1500','可能','応相談','無し','有り','普通','有り','有り','','10％全日の場合20％','末締め翌月15日払い','','無し','','可能','普通','',1,1,1,1,1,1,1,1,1,1,'',0,NULL,'2017-05-09 01:30:32',NULL,NULL,NULL,NULL),(1303,'ｓalon　de　scribe','サロンドスクリーブ',4,4,'20：00～1：00',NULL,'土日祝日','','日給４００００','日給/20000','日給25000','20000～30000','可能','応相談','無し','有り','普通','有り','有り','','1ヶ月約￥15000～￥20000','月末締め15日払い','','','応相談','可能','普通','',NULL,NULL,NULL,NULL,1,NULL,1,NULL,1,1,'',NULL,NULL,NULL,NULL,NULL,NULL,NULL),(1304,'lounge　scribe','ラウンジスクリーブ',4,4,'20：00～1：00',NULL,'土日祝日','','4000円','3000円','3500円','3000円','可能','応相談','無し','有り','普通','有り','有り','','1ヶ月約￥15000～￥20000','月末締め15日払い','','','応相談','可能','普通','',NULL,NULL,NULL,NULL,1,NULL,1,NULL,1,1,'',NULL,NULL,NULL,NULL,NULL,NULL,NULL),(1305,'CUORE','クオレ',4,1,'2１：00～1：00',NULL,'土日祝日','無し','7000円','5000円','5000円','4,000円','可能','応相談','有り','有り','普通','無し','有り','六本木5-2-6　TKビル５F','','','','','応相談','可能','普通','',1,0,0,0,0,0,0,0,1,1,'',0,NULL,'2019-04-28 20:00:10',NULL,NULL,0,'永久10%'),(1306,'thePillbox','ピルボックス',1,1,'20：00～1：00',NULL,'日曜祝日','','3500円','2800円','2800円','','可能','応相談','有り','有り','普通','有り','有り','','所得税10％厚生費500円','','売上バック10％','ｔｈ','応相談','可能','普通','',1,NULL,NULL,NULL,NULL,NULL,NULL,NULL,1,1,'1',NULL,NULL,NULL,NULL,NULL,NULL,NULL),(1307,'グローブ','グローブ',3,1,'20：00～1：00　日曜日18:00~25:00',NULL,'土曜日','無し','上限無し','4000円','5500円~6000円','4500円~5000円','5000円~1万円','不可','場合による','有り','普通','有り','有り','東京都港区六本木3-13-12エルザビル地下1階','所得税10％厚生費2500円','月末締め翌月末払い','本指名10%　場内500同伴￥同伴15%','1','応相談','可能','普通','未成年可',1,0,0,1,0,0,0,0,1,1,'',0,NULL,'2019-08-12 19:20:31',NULL,NULL,0,'5万～'),(1308,'アーラ','アーラ',3,4,'20：00～1：00',NULL,'土日祝日','無し','5000円','3000円','4000円','3000円','可能','応相談','有り','有り','普通','有り','有り','中央区銀座8-2-11ニューギンザビル４F','10.21％','月末締め20日払い','同伴　3000円\r\n本指名　2000円\r\n場内指名　1000円\r\nボトル　25000円以上3000円\r\n','無し','応相談','可能','強い','学生嫌がる\r\nSB３万～',1,0,0,0,0,0,0,0,1,1,'1',0,NULL,'2019-03-25 16:13:27',NULL,NULL,0,''),(1309,'million','ミリオン',2,1,'21：00～3：00',NULL,'日祝','','10000円','4000円','6000円','4000円～','可能','時給分のみ可能','応相談','有り','普通','無し','無し','六本木4-11-5　アネックスビル３F','所得税15％','時給分全額日払い/バック分翌日出勤払い','本指名　小計10％～20％/同伴30％/場内1000円','１～２室','応相談','可能','普通','',0,1,0,1,1,0,0,1,1,1,'1',0,NULL,'2019-04-28 19:59:55',NULL,NULL,0,'10日12万~'),(1310,'RIRICA','りりか',3,4,'20：00～2：00',NULL,'土日祝日','','6000円','2500円','4000円','3000円～','可能','応相談','有り','有り','普通','応相談','有り','','10.21％、ヘアメ1400円、ドレス1000円、厚生費1000円','','同伴2000、本指1000、場内1000','','応相談','可能','普通','',1,NULL,NULL,NULL,1,NULL,NULL,NULL,1,NULL,'1',NULL,NULL,NULL,NULL,NULL,NULL,NULL),(1311,'RING','リング',3,1,'22：00～6：00',NULL,'日祝','','5000円','3000円','4000円','3000円～','応相談','応相談','無し','応相談','','無欠4時間分、当欠２時間分、早退5000円、遅刻1000円','応相談','','15％、ヘアメ1500、ドレス1000円','末締め翌月15日払い','同伴5000円＋ボトル小計10％、本指3000円、場内1000円、ドリンク100円～500円','','応相談','不可能','普通','',NULL,NULL,NULL,1,NULL,NULL,NULL,NULL,1,NULL,'1',NULL,NULL,NULL,NULL,NULL,NULL,NULL),(1312,'ディアレスト','ディアレスト',3,1,'20：00～1：00',NULL,'日祝','','15000円','5000円','10000円','5000円～10000円','可能','応相談','応相談','有り','普通','有り','有り','','','','','','','','普通','',0,0,0,1,1,1,0,0,1,1,'1',0,NULL,'2017-08-01 14:00:56',NULL,NULL,NULL,NULL),(1313,'FABRIC','ファブリック',3,1,'19：00～1：00',NULL,'日祝','有り','上限なし','6000円','非公開','応相談','可能','応相談','応相談','有り','普通','有り','有り','六本木5-16-1　ゆきざきビル　7.8.9.10F','10.21%、厚生費3000円','末締め20日振り込み','同伴2000～3000、ボトル15％\r\n','7','応相談','可能','普通','',0,0,0,1,1,0,0,0,1,1,'1',0,NULL,'2019-04-28 19:59:40',NULL,NULL,0,'永久１０％'),(1314,'ALLOWS','アローズ',3,1,'',NULL,'','','','','','','','','','','','','','','17%（厚生費込み）','全額日払い','同伴3000～5000/本指名2000/場内1000/ドリンク200','','','','普通','',NULL,NULL,NULL,1,NULL,NULL,NULL,NULL,1,1,'1',NULL,NULL,NULL,NULL,NULL,NULL,NULL),(1315,'オーマイス','オーマイス',2,1,'',NULL,'','','','','','','','','','','','','','','','','','','','','','',0,0,0,0,0,0,0,0,1,0,'',0,NULL,'2017-06-28 15:41:41',NULL,NULL,NULL,NULL),(1317,'ジュエル','ジュエル',3,9,'20:00～6:00',NULL,'年中無休','','4000','3000','3500','3000','5000～','無し','無し','23区内1000～','','有り','応相談',NULL,'10％','','ドリンクバック300円','','','','','',0,0,0,0,0,0,0,0,1,0,'',0,'2017-05-09 01:46:52','2017-07-24 20:28:48',NULL,NULL,NULL,NULL),(1319,'ELMO','エルモ',2,1,'21:00~3:00',NULL,'土日祝日','無し','上限なし','3000','4000','3000','5000円単位','応相談','応相談','ラスト便','東京内','無し','無し','六本木4-10-10　正直屋ビル　B1F','15％','15日、月末の2回','本氏名3000円/１ｈ、小計10％～15％','2つ','不可','不可','強い','未成年　不可',0,0,0,0,1,0,0,0,1,0,'',0,'2017-05-10 01:52:29','2019-04-28 19:59:14',NULL,NULL,0,'1勤務　2000~'),(1320,'レインボーカフェ','レインボーカフェ',1,4,'19:00～5:00',NULL,'日曜日、祝日','','1800','1800','1800','1800','応相談','応相談','有り','無し','','無し','無し',NULL,'','','','','','','','',0,0,0,0,0,0,0,0,1,0,'',0,'2017-05-12 00:49:14','2017-07-24 20:31:30',NULL,NULL,NULL,NULL),(1321,'S-tilo','エスティーロ',3,1,'',NULL,'','','','3500円','','','','','','','','','',NULL,'','','','','','','','',0,0,0,0,0,0,0,0,1,0,'',0,'2017-05-12 01:28:15','2017-07-24 20:28:17',NULL,NULL,NULL,NULL),(1322,'ラビアス','ラビアス',3,3,'20:00～2:00or5:00',NULL,'日、祝日','あり','6000円','2500円','3000～4000円','3000〜4000円','5000～10000円','無し','無し','有り','普通','有り','自由','東京都渋谷区恵比寿駅西1-15-1センチュリーホーム恵比寿2F','10％','15日じめの翌月15日','ドリンク500～1000、場内1000、本指名1500、同伴2500','','','','','',0,0,0,0,0,0,0,0,1,0,'',0,'2017-05-17 00:43:16','2019-03-28 16:44:10',NULL,NULL,0,'8.10.12.15'),(1323,'Bee','ビー',3,6,'20:00～5:00',NULL,'日曜日','あり','3500円','3000円','3000〜4000円','3000','応相談によってあり','なし','応相談','有り','','有り','応相談','東京都品川区上大崎2-16-4　甲陽ビル6F','15％','5日、20日の2回','料金から2割','','','','','リール・アルージュより気持ちランク高い',0,0,0,0,0,0,0,0,1,0,'',0,'2017-05-17 00:52:07','2019-03-28 16:46:13',NULL,NULL,0,'5.8.10'),(1324,'カメリア','カメリア',4,4,'20:00～1:00',NULL,'土日祝','','4000円','3000円','3000円','','','','','','','','',NULL,'','','小計10％\r\n','','','','','',0,0,0,0,0,0,0,0,1,0,'',0,'2017-05-18 15:39:34','2017-07-24 20:32:27',NULL,NULL,NULL,NULL),(1325,'FUSION','フュージョン',4,1,'20:00～1:00',NULL,'土日祝','','日給40000円','日給20000円','日給25000円','日給20000円～','10000円','','無し','有り','','有り','有り','','','','','','','','','',0,0,0,0,0,0,0,0,1,0,'',0,'2017-05-18 16:24:22','2019-04-28 19:58:57',NULL,NULL,0,'10日　5万'),(1326,'FIVE','ファイブ',3,1,'20:00～1:00',NULL,'日曜日、祝日','','20000円','4000円','5000～6000円','3000円～','5000～10000円','可能','有り','LAST便　一律2000円','','有り/遅刻、早退、無断欠勤、当日欠勤','有り',NULL,'10.21％、厚生費1000円','月末締め翌月20日振込','小計10％～\r\nドリンクバック500円～\r\n同伴3000～5000円\r\n','3室','32歳まで','可能','弱い','',0,0,0,0,0,0,0,0,1,0,'',0,'2017-05-19 01:25:25','2017-07-24 20:27:33',NULL,NULL,NULL,NULL),(1327,'セクレ','セクレ',3,8,'20:00～1:00',NULL,'日曜日','あり','5000円','3000円','3500〜4000円','3,000円〜4000円','応相談','無し','可能','23区','','無し','有り','新宿区西新宿1-4-1 プリンスビル 9Ｆ','11.2％、厚生費月3000','末締め翌月15日','無し','','','','','新宿駅西口から徒歩5分\r\nココデイチバンの次に新宿で低い',0,0,0,0,0,0,0,0,1,0,'',0,'2017-05-30 15:56:11','2019-03-28 16:44:58',NULL,NULL,0,'5.7.10'),(1328,'EBIEBI','エビエビ',1,3,'20:00～5:00',NULL,'日曜日','','2,000','1,600','1,600～2,000','1,600～','5,000円まで','無し','有り','無し','','無し','無し','東京都渋谷区恵比寿南 1-2-8 雨宮ビル 2F','１０％、厚生費月3,000円','','ドリンクバック300～400\r\nビラ配り５％\r\n','','','','','',1,0,0,1,1,0,0,1,1,0,'',0,'2017-06-08 01:56:42','2019-06-08 14:24:11',NULL,NULL,0,'3.5.6.7'),(1329,'Harmony','ハーモニー',6,4,'20:00～01:00',NULL,'土日、祝日','無し','4000円','2000円','3000円','3000円','5000円','不可','可能','無し','','無し','整っていればOK','中央区銀座8-6-18','10.21％','月末締め15日払い','無し','1','可能','不可','弱い','',0,0,0,0,0,0,0,0,1,0,'SB一勤2000円～',0,'2017-06-13 00:13:06','2019-03-25 16:11:47',NULL,NULL,0,''),(1330,'ELEVEN','イレブン',3,4,'20:00～3:00',NULL,'日祝','有り','6,500円','3500円','4000円','3000円～','5000円','無し','可能','有り','','応相談','有り','中央区銀座8-5-9銀座第二誠和ビルB1','１０％、厚生費1000円、ヘアメイク1550円、送り代','15日','本指名10％～30%、場内500円、同伴10%～30%、ボトル、シャンパン10％、ドリンクバック200～600\r\n','無し','可能','不可','強い','SB８万～',0,0,0,0,0,0,0,0,1,0,'',0,'2017-06-13 00:14:18','2019-03-25 16:10:25',NULL,NULL,0,''),(1331,'花ぐるま','ハナグルマ',4,4,'20:00～1:00',NULL,'土日祝日','','4000円','2500円','3000円','2500円','','','','','','','有り',NULL,'','','','','','','','',0,0,0,0,0,0,0,0,1,0,'',0,'2017-06-13 00:15:20','2017-07-24 20:35:14',NULL,NULL,NULL,NULL),(1332,'アンビス','アンビス',3,3,'月,火、20：00〜2：00、水,木,金、3：00',NULL,'日曜、祝日','','5,000','2,500','3,000～4,000','3000','5,000～10,000','応相談','無し','月,火1：00、LAST便、水〜金,2：00、LAST便','','無し','自由','東京都渋谷区恵比寿駅西1-15-1センチュリーホーム恵比寿2F','１０％','15日〆の月末支払い、月末〆の翌15日支払い','ドリンク￥500〜￥1000、場内指名￥1000、本指名￥1500、同伴22時まで￥2500','','','','','',0,0,0,0,0,0,0,1,1,0,'',0,'2017-06-15 16:13:10','2019-06-08 14:23:45',NULL,NULL,0,''),(1333,'１０５９','テンゴク',2,3,'20:00～６:00',NULL,'土日祝日','','7,000','4,000','4,000','4,000','時給分全額日払い','','可能','','','無し','無し',NULL,'１０％','','ドリンクバック、予約バック、本氏名、同伴、リクエスト、','','','可能','','',0,0,0,0,0,0,0,0,1,0,'',0,'2017-06-15 16:13:41','2017-07-24 20:26:29',NULL,NULL,NULL,NULL),(1334,'SOL','ソル',2,1,'',NULL,'','','','','','','','','','','','','',NULL,'','','','','','','','',0,0,0,0,0,0,0,0,1,0,'',0,'2017-06-21 01:46:01','2017-07-24 20:03:21',NULL,NULL,NULL,NULL),(1335,'リムジンダイニング','リムジンダイニング',2,1,'20:00～1:00',NULL,'日曜日、祝日','有り','6000','2500','非公開','2500～','5000～10000','可能','可能','有り','強い','無し','無し','六本木5-3-2　斎藤ビルB1F','所得税10％','末締め15日','同伴バック　2000円','無し','不可','可能','強い','未成年　可能',0,0,0,0,0,0,0,0,1,0,'',0,'2017-06-28 00:07:21','2019-04-28 19:58:45',NULL,NULL,0,'10日クリア8万'),(1336,'ジョワイユ','ジョワイユ',3,10,'19:30～3:00',NULL,'','','4,000','3,000','','','','','','','','','',NULL,'１０％、厚生費、送り代','','','','','','','',0,0,0,0,0,0,0,0,1,0,'',0,'2017-06-29 01:20:35','2017-07-24 20:36:44',NULL,NULL,NULL,NULL),(1337,'シーサイド','池袋',3,11,'20:00～1:00',NULL,'日曜日、祝日','','6000','4000','5000','応相談','5000～10000','応相談','応相談','有り','５００～','有り','応相談','東京都豊島区1丁目4番2号','１０％、厚生費１０００円、送り代','末締め翌月15日','本指名バック: 小計10%バック\r\n場内指名バック \r\n累計出勤日数\r\n100日以上 フルバック 3000\r\n70日以上 2500円\r\n50日以上 2000円\r\n30日以上 1500円\r\n30日未満 1000円\r\n・同伴バック\r\n累計出勤日数60日以上でフルバック5000円\r\n60日未満で3000円\r\n・ボトルバック\r\n本指名のみ小計10%バック\r\n(シャンパン、ワインのみ','3','','可能','強い','',0,0,0,0,0,0,0,0,1,0,'',0,'2017-07-04 16:25:28','2019-03-28 16:37:53',NULL,NULL,0,'10.15.20'),(1338,'ONETOKYOU','ワントウキョウ',3,1,'20:00～1:00',NULL,'土日祝日','','','7,000','','7,000','１００００','応相談','無し','700～3000','','無し','','六本木5-1-7ストリートビル３F','10.21％/厚生費¥1000/送り代','15日、月末の2回','本指名バック\r\n給料50% 売上小計折半or時給\r\n給料60% 売上小計10%\r\n給料80% 売上小計5%バック\r\n\r\n同伴バック\r\n21:00までの入店 同伴料¥3000+指名料¥3000(1時間毎)フルバック\r\n給率120%以下','','','','','SB18万～\r\n',0,0,0,0,0,0,0,1,1,0,'',0,'2017-07-06 23:50:05','2019-06-16 22:33:36',NULL,NULL,1,'10日18万or1勤務4000~'),(1339,'ルーナ','ルーナ',3,19,'20:00～5:00',NULL,'無し','','3500円','2000円','3,000','2000円～3000円','応相談','','有り','1000円～','','有り','自由','東京都品川区東五反田1-17-11 佐久間ビル4F ','10％、厚生費1000円','1日～15日締め月末払い、16日～月末締め翌月15日払い','場内1000円、ドリンク100円','','有り','送りを使わなければ可能','','',0,0,0,0,0,0,0,0,1,0,'',0,'2017-07-20 16:50:14','2019-03-28 16:31:23',NULL,NULL,0,'5.7.10'),(1340,'三軒茶屋LOUNGE','三軒茶屋ラウンジ',2,34,'20:00～5:00',NULL,'日曜日、祝日','','8000円','3000円','3500円','3000円～','15000円まで可能','なし','なし','1:30or3:00、２３区1,000円、遠方まで可能','強い','無し','無し','三軒茶屋2-10-13　三軒茶屋アールシティビル４F','所得税１０％、厚生費1000円（共に月１）','末締め翌月15日','リクエスト1,000円/30分、個室リクエスト2000円/30分、本指名5000円、同伴7000円','','','送り使わなければ可能','強い','青山ラウンジの系列\r\n送りが強いお店\r\n素人系かロリ系',0,0,0,0,0,0,0,0,1,0,'',0,'2017-07-21 01:01:38','2019-03-25 17:05:26',NULL,NULL,0,'6.12.15'),(1341,'VENETIAN TOKYO','ベネチアントウキョウ',3,1,'20:00～1:00',NULL,'日曜日、祝日','','','6000円','9,000円','','15,000円','応相談','','','','無し','','六本木3-14-11ケントスビル10F','10％','','ボトルバック10％～ドリンクバック（時給に％反映）','','','','','',0,0,0,0,0,0,0,1,1,1,'８/３Open',0,'2017-07-24 20:42:57','2019-04-28 19:56:05',NULL,NULL,1,'10日　10%'),(1342,'No5','ナンバーファイブ',2,1,'1:00～5:00',NULL,'','','7000円','4000円','','','','','','23区内1000～23区外3000円～','','無し','',NULL,'10.21％+tax5％','','同伴小計２０％\r\n指名小計１５％+2000円\r\nショット1000円','','','','','現状客持ちの女性のみ',0,0,0,0,0,0,0,0,1,1,'',0,'2017-08-09 01:07:46','2017-08-09 01:16:46',NULL,NULL,NULL,NULL),(1343,'ORIANA','オリアナ',2,2,'20:30～4:00',NULL,'日曜日、祝日','','','4,000','','','可能','可能','無し','1時半便、3時便、4時便','','無断欠勤10000円','無し',NULL,'１０％、全日の場合１５％','1日～15日締め月末払い、16日～月末締め翌月15日払い','同伴2000円/本指名1500円/場内1000円\r\n·売上バック\r\n(別館含む)\r\n21:30までに入店された同伴は一律20%\r\n■メインホール10%\r\n個室\r\n15%\r\n■8 : 30~9 : 30\r\n*付け同伴は無し\r\n同伴 本指名(予約有り) 15% (基本10時まで)\r\n·お会計の小計(消費税·サービス料を除く) 10%~バック\r\n·前日予約メインホールでも15%\r\nPM (プロモーター)制度もあります。基本給無しで売上バックのみのスタイルで\r\n■土曜日は同伴·本指名は一律小計売上25%バックです。\r\n','','','','','９/５Open\r\n',0,0,0,0,0,0,0,0,0,1,'',0,'2017-08-11 00:16:34','2017-08-11 00:16:49',NULL,NULL,NULL,NULL),(1344,'REC','レック',2,1,'21:00～5:00',NULL,'日曜日、祝日','','3000','2000円','','','','','','','','','',NULL,'','20日','同伴 3000円\r\n指名P制（1本1p）\r\n5p 10000円\r\n10p 15000円\r\n15p 20000円\r\n20p 25000円\r\n\r\nドリンクバック\r\n1p 100円\r\n5p 150円\r\n10p 200円','','','','','',0,0,0,0,0,0,0,0,1,0,'',0,'2017-08-12 20:46:28','2017-08-12 21:13:12',NULL,NULL,NULL,NULL),(1345,'チィキィパラダイス','',1,10,'20:00～6:00',NULL,'無し','','1600','1300','','','3000円まで','','有り','','','当日欠勤5000～8000/無断欠勤8000～10000','',NULL,'１５％','2日と17日、半期締め','同伴1000円/本指名300円/場内150円\r\nドリンクバック50円～500円\r\nダーツ100円','','','','','',0,0,0,0,0,0,0,0,1,0,'',0,'2017-08-12 22:46:10','2017-08-12 22:50:38',NULL,NULL,NULL,NULL),(1346,'凛々','リリ',1,6,'20:00～6:00',NULL,'無し','','1600','1300','','','3000円まで','','可能','','','当日欠勤5000～8000/無断欠勤8000～10000','',NULL,'１５％','2日と17日、半期締め','同伴1000円/本指名300円/場内150円\r\nドリンクバック50円～500円\r\nダーツ100円','','','','','',0,0,0,0,0,0,0,0,1,0,'',0,'2017-08-12 22:51:19','2017-08-12 22:53:59',NULL,NULL,NULL,NULL),(1347,'ARGO','アルゴ',3,4,'20:00～0:00',NULL,'土日曜日、祝日','','5000円','3500円','','','','','','','','','',NULL,'','','','','','','','',0,0,0,0,0,0,0,0,1,0,'',0,'2017-09-05 01:27:17','2017-09-05 01:27:33',NULL,NULL,NULL,NULL),(1348,'ロイズ','',1,3,'20:00～5:00',NULL,'','','2000円','2000円','','','','','可能','','','','',NULL,'','','','','','','','',1,0,0,0,0,0,0,0,1,0,'',0,'2017-09-08 00:47:09','2017-09-08 00:47:22',NULL,NULL,NULL,NULL),(1349,'ONE','ワン',3,4,'20:00～2:00',NULL,'土日祝日','','23000円','5000円','','','','','可能','1,000円～','','当日欠勤100％無断欠勤200％遅刻10分1000円','有り','中央区銀座7-7-6アスタープラザビルディング4F','１０％、厚生費500円、送り代','','','','','','','',1,0,0,0,1,0,0,0,1,0,'',0,'2017-09-08 22:50:17','2019-03-25 16:08:59',NULL,NULL,0,''),(1350,'SALON DE U','サロンドユー',2,10,'20:30～1:30',NULL,'日曜日、祝日','','3000円','2500円','','','10000円まで','','可能','ラスト便のみ','','無し','',NULL,'10.21％厚生費1500円','月末締め翌月20日','応相談','','','','','',0,0,0,0,0,0,0,1,1,0,'',0,'2017-09-11 21:31:27','2017-09-11 21:40:45',NULL,NULL,NULL,NULL),(1351,'DIANA','ディアナ',3,10,'20:00～5:00',NULL,'日曜日、祝日','','6000円','3000円','4000円','','','','','','','','',NULL,'','','','','','','','',0,0,0,0,0,0,0,0,1,0,'',0,'2017-09-22 00:28:03','2017-09-22 00:28:45',NULL,NULL,NULL,NULL),(1352,'ラシック',NULL,3,10,'',NULL,'日曜日、祝日','','','','','','','','','','','','',NULL,'','','','','','','','川崎エリア\r\n\r\n',0,0,0,0,0,0,0,0,1,0,'',0,'2017-09-22 00:30:31','2017-09-22 00:30:31',NULL,NULL,NULL,NULL),(1353,'フェリシアクラブ','',4,4,'',NULL,'','','','','','','','','','','','','',NULL,'','','','','','','','',0,0,0,0,0,0,0,0,1,0,'',0,'2017-09-28 13:53:09','2017-09-28 13:53:36',NULL,NULL,NULL,NULL),(1354,'リリス',NULL,3,5,'',NULL,'','','','','','','','','','','','','',NULL,'','','','','','','','',0,0,0,0,0,0,0,0,0,0,'',0,'2017-09-28 22:05:32','2017-09-28 22:05:32',NULL,NULL,NULL,NULL),(1355,'茜','アカネ',3,1,'',NULL,'','','','','','','','','','','','','','六本木6-1-3　六門ビル　4F','','','','','','','','',0,0,0,0,0,0,0,0,0,1,'',0,'2017-09-28 23:02:50','2019-03-25 16:54:03',NULL,NULL,0,''),(1356,'タヒチ','',3,1,'20:00～1:00',NULL,'','','5,000','3000','4000','3000～','','','','','','','',NULL,'10％','','本指名1000円\r\n場内500円\r\nドリンク、ボトル１０％\r\n','','','','','',0,0,0,0,0,0,0,1,1,0,'',0,'2017-10-09 22:38:36','2017-10-11 11:01:57',NULL,NULL,0,NULL),(1357,'FEERIQUE','フェリーク',4,1,'20:00～1:00',NULL,'土日祝日','無し','日給50000','日給25000～','日給27000','日給20000','5000円','不可','不可','ラスト便','','応相談','有り','港区六本木3-8-15瀬里奈ビレッジ3F','10.21％','月末締め16日払い','場内 2000\r\n本指名 3000\r\n同伴 3000\r\n（20:30までに入れば＋3000）\r\n※20:30までに同伴すればバックで9000円なる\r\n\r\n系列の飲食店使ったら店によって\r\n5000円バック\r\n2500円バック','','','','','SB10万～\r\n在籍バック半年２万',0,0,0,0,0,0,0,0,1,0,'',0,'2017-10-18 16:29:53','2019-03-25 16:05:02',NULL,NULL,1,''),(1358,'DIX','',3,1,'21:00～1:00',NULL,'日曜日、祝日','','','4000','','','','','','','1000円','前欠10000円、当欠20000円、無欠30000円','1000円','','10％、500円','','売上バック\r\n１０％～５０％','','','','','',0,0,0,0,0,0,0,0,1,0,'',0,'2017-10-27 16:52:16','2019-06-16 22:31:47',NULL,NULL,0,'1勤務4000~'),(1359,'サロンドアーク','',4,4,'',NULL,'土日祝日','','18,000','13,000','15,000','','','','','','','','',NULL,'','','','','','','','',0,0,0,0,0,0,0,0,1,0,'',0,'2017-10-27 22:16:22','2017-10-27 22:17:29',NULL,NULL,0,NULL),(1360,'ミューズアミューズ','',4,4,'',NULL,'土日祝日','','','','日給30,000','','','','','','','','',NULL,'','','','','','','','',0,0,0,0,0,0,0,0,1,0,'',0,'2017-10-27 22:19:31','2017-10-27 22:20:13',NULL,NULL,0,NULL),(1362,'かわにし','かわにし',4,4,'２０：００～１：００',NULL,'土日祝','','','','30,000','','','','','','','','',NULL,'','','','','','','','銀座の高級クラブ',0,0,0,0,0,0,0,0,1,0,'',0,'2017-11-11 17:12:33','2017-11-11 17:17:51',NULL,NULL,0,NULL),(1363,'ilfelice','イルフェリーチェ',3,10,'21:00～6:00',NULL,'日曜日','','','','3000','','','','','','','','',NULL,'','','','','','','','',0,0,0,0,0,0,0,0,1,0,'',0,'2017-11-11 17:16:52','2017-11-13 21:49:45',NULL,NULL,0,NULL),(1364,'ロジック','',3,4,'20:00～5:00',NULL,'日曜日、祝日','有り','7000円','3000円','3500円','3000円～4000円','5000円','不可','可能','有り','弱い','応相談','整っていればOK',NULL,'10.21％','月末締め15日払い','平均時給 4000〜4500円\r\nポイント制\r\nボトルバック 20%本指名に限る\r\nドリンクバック\r\nワイン、カクテル1000円\r\nビール、ソフト800円\r\n同伴バック 21:00まで3000円 それ以降2500円','無し','不可','不可','強い','',0,0,0,0,0,0,0,0,1,0,'',0,'2017-11-11 17:17:26','2019-03-22 22:45:31',NULL,NULL,0,''),(1365,'葵木','',4,4,'20:00～1:00',NULL,'土日祝','','','','日給　30,000','','','','','','','','','中央区銀座8-6-18奥村プラッツビル5F','','','','','','','','SB女子給10%',0,0,0,0,0,0,0,0,0,0,'',0,'2017-11-13 21:59:08','2019-03-25 16:31:29',NULL,NULL,0,''),(1366,'Lashy','ラッシー',1,4,'20:00～0:00',NULL,'','','2000','1500','','1200～1700','','','可能','無し','','','',NULL,'','','ドリンク100円/シャンパン、ワイン10％\r\n集客1000円\r\n同伴2000円','','','','','',0,0,0,0,0,0,0,0,1,0,'',0,'2017-11-29 13:44:45','2017-11-29 13:44:45',NULL,NULL,0,NULL),(1367,'サロン','サロン',4,4,'２０：００～１：００',NULL,'土日祝日','','日給２００００','','日給２００００','','','','','有り','','','',NULL,'','','','','','','','',0,0,0,0,0,0,0,0,1,0,'',0,'2017-12-05 23:37:12','2017-12-05 23:37:12',NULL,NULL,0,NULL),(1368,'A','エース',3,1,'20:00～1:00',NULL,'日、祝','有り','上限なし','7000円','非公開','6000～上限なし','10000円','応相談','可能','有り','強い','給率ペナルティあり','無し','六本木7-13-2　アーバンビル４F ','10.24％','1日～15日分は末払い　16日～末日分は15日払い','本指名バック　2000円\r\n場内指名バック　1000円\r\n同伴指名バック　5000円','2つ','可能','可能','強い','未成年　可能',0,0,0,0,0,0,0,0,1,0,'',0,'2017-12-17 22:10:20','2019-03-25 16:53:00',NULL,NULL,0,''),(1369,'アネックス','アネックス',2,3,'20:00～1:30',NULL,'日曜日、祝日','あり','7000円','3000円','4000円','3000〜5000円','あり、20000円まで','不可','可能','有り','強い','あり','なし','東京都渋谷区恵比寿南1-4-13　REMAX恵比寿ビル4階','20%厚生費2000円','末締め10日払い','ドリンクバック 500円〜1000円\r\n場内指名: 1000円\r\n本指名:3000円\r\n','','不可','可能','強い','未成年',1,0,0,0,1,0,0,0,1,1,'',0,'2018-01-16 23:23:44','2019-03-28 16:29:27',NULL,NULL,0,'10.15.20'),(1370,'スリーウェイズ','スリーウェイズ',3,3,'20:00～3:00',NULL,'日曜日、祝日','あり','6000','3000','3500','3000〜5000','10000まで','不可','不可','有り','','あり','あり','東京都渋谷区恵比寿西1-4-4 B1F','厚生費 1500円 (ヘアメ、貸衣装含む) 所得税 15% 送り代 1000円〜','','同伴 【1SET】1000円\r\n         【2SET】3000円\r\n指名売り上げの小計15%\r\n場内指名 2000円\r\nドリンクバック500円 ノンアル250円\r\n（指名客のドリンクも一杯1000円）\r\nボトルバック 料金10%','','','','弱い','',0,0,0,0,0,0,0,1,1,1,'',0,'2018-01-16 23:29:07','2019-03-28 16:28:24',NULL,NULL,0,'6.8.10.12'),(1371,'ベレタ','ベレタ',2,5,'20:00～1:00',NULL,'日祝日','有り','7000','3000','4000円','3000円','10000円','要相談','可能','有り','1500円～','無し','無し','東京都港区赤坂3-11-7ソシアルビルB2F','10.21、厚生費1000円','月末締めの翌月20日','同伴 1500円\r\n本指名 1500円\r\n場内指名 1000円\r\nドリンクバック200~300\r\nボトルバック10%','無し','不可','可能','強い','',1,0,0,1,1,1,0,1,1,1,'',0,'2018-01-16 23:35:06','2019-07-19 22:34:49',NULL,NULL,0,'一勤　2000円3か月　3000円半年　4000円永久　'),(1372,'アンシャンテ','アンシャンテ',2,1,'21:00～3:00',NULL,'','日祝','','6000','','','','','','','','','',NULL,'引かれるもの：所得税10% 事務手数料:1000 その他 ●送り：1000円～','','リクエストバック 3000円/1h\r\n予約バック、同伴バック小計15%\r\n指名バック、小計10%\r\nドリンクバック、1000～','','','','','',0,0,0,0,0,0,0,1,1,1,'',0,'2018-01-16 23:56:03','2018-01-16 23:56:03',NULL,NULL,0,NULL),(1373,'チェリス','',1,10,'',NULL,'','','','','','','','','','','','','',NULL,'','','','','','','','',0,0,0,0,0,0,0,0,1,0,'',0,'2018-02-19 16:04:04','2018-02-19 16:04:04',NULL,NULL,0,NULL),(1374,'プロポーション','',4,1,'20:00～1:00',NULL,'土日祝','','','','','','','','','','','','',NULL,'','','','','','','','',0,0,0,0,0,0,0,0,1,0,'',0,'2018-02-19 16:05:47','2018-02-19 16:05:47',NULL,NULL,0,NULL),(1375,'puresent','プレゼント',6,4,'19：30～3:00',NULL,'土曜・日曜・祝日','無し','上限無し','2600円','3300円','2500円','5000円~1万円','不可','可能','有り(都内)','弱い','無し','有り','東京都港区新橋3丁目8-4','所得税10％厚生費2000円','末締め翌月15日払い','時給+ポイントバック','1','可','可','強い','未成年可能',1,0,0,0,1,0,0,1,1,0,'',0,'2018-02-22 17:30:39','2019-08-12 19:16:41',NULL,NULL,0,'1勤務1000～'),(1376,'chou chou','シュシュ',2,11,'17:30～11:30　土日・祝日16:00～11:30',NULL,'無し','有り','OPEN～19:00まで2000円、19:00～2500円','OPEN～19:00まで2000円、19:00～2500円','OPEN～19:00まで2000円、19:00～2500円','OPEN～19:00まで2000円、19:00～2500円','可能','無し','可能','無し','無し','無し','無し','東京都豊島区西池袋1-31-5白井ビル地下1階','有り','翌週払い','ドリンクバック、ボトルバック、指名バック','無し','不可','不可','強い','未成年可\r\n4大、短大、大学院生のみ勤務可能',0,0,0,0,0,0,0,0,1,0,'',0,'2018-03-02 13:34:22','2019-04-24 00:07:53',NULL,NULL,0,'5万～'),(1377,'NEWS','ニュース',3,1,'20:00～1:30(5階3:00)',NULL,'日曜日、祝日','有り','時給/1万以上','4,000円','5,000円','4,000～5000円','可能/時給に応じて変動','可能','可能','有り　23区内(10㎞内)1000円、10㎞～15㎞1500円、23区外2000円、31㎞3000円','強い','無し','自由/1回1000円','東京都港区六本木4-12-11秀栄ビル4階','出勤1日1000円','末締め翌月15日払い','場内指名1000円、1500円、2000円、同伴5000円or小計15%、本指名2000円or小計10%','3','可','可','強い','未成年可',0,0,0,0,0,0,0,0,1,0,'',0,'2018-03-02 13:38:24','2019-04-24 00:06:38',NULL,NULL,1,'10日出勤10万'),(1378,'マーヤ','マーヤ',3,11,'19:00～1:00',NULL,'無し','有り','２５００円','２０００円','２５００円','2500円','可','可','可','有り','強い','無し','無し','東京都豊島区西池袋1-31-5白井ビル2階','700円','毎週金曜日','指名バック\r\n場内バック\r\nドリンクバック\r\nボトルバック\r\nフードバック\r\n同伴バック','9卓','21歳迄','可','強い','未成年可能\r\n3か月在籍で退社',1,0,0,0,0,0,0,0,1,0,'',0,'2018-03-28 23:09:39','2019-08-12 19:02:36',NULL,NULL,0,'5万～'),(1380,'Freesia','フリージア',3,10,'２０：００～４：００',NULL,'無し','','','','3500円','','','','不可','','','','無し',NULL,'','','','','','','','',0,0,0,0,0,0,0,0,1,0,'',0,'2018-04-05 23:53:53','2018-04-05 23:53:53',NULL,NULL,0,NULL),(1381,'PAPIKO','パピコ',1,8,'20:30～2:00',NULL,'日曜日','','','1500円～','','','','','','','','有り','',NULL,'','末締め10日','小計20％～40％\r\n同伴15,000円\r\n指名500円\r\nドリンク100～300円','','','','','',0,0,0,0,0,0,0,0,1,0,'',0,'2018-04-06 00:02:45','2018-04-06 00:02:45',NULL,NULL,0,NULL),(1382,'FURAMINGO','フラミンゴ（セクキャバ）',3,9,'21:00～4:00',NULL,'日曜','あり','8000円','4000円','4000～5000円','3500円～ASK','10000円まで','無し','あり','有り','強い','なし','',NULL,'所得税、厚生費合わせて 20% (月間売上40万以上は15%) 　送り1000〜 ','末締め15日','本指名バック 2000\r\n場内指名バック 1000\r\n延長指名バック 本指名 1000\r\n延長指名バック 場内  1000\r\n同伴バック 2000\r\n(23時半まで入店)\r\n\r\nドリンクバック\r\n2000円ドリンク 500\r\n3000円ドリンク 750\r\n(保証期間から規定の売上に達しないと全てバックが発生しない)\r\n30万以下 50%カット\r\n15万以下 100%カット\r\n\r\nオプション有り\r\nペンライト 1000\r\nローター 2500','1','不可','可能','強い','',0,0,0,1,1,0,0,1,1,0,'',0,'2018-04-06 00:09:12','2019-03-22 16:57:57',NULL,NULL,0,'1勤 3000・4000円 ・5000円・6000円'),(1383,'３３','サーティースリー',2,2,'２０：００～１：００',NULL,'日曜日、祝日','','３５００','３０００','３０００','','','','可能','','','','',NULL,'','','','','','','','',0,0,0,0,0,0,0,0,1,0,'',0,'2018-04-15 22:27:46','2018-04-15 22:27:46',NULL,NULL,0,NULL),(1384,'独楽','コマ',2,12,'11:00～1:00',NULL,'無し','無し','１００００～','１００００','１００００','','','','可能','','','','無し',NULL,'１０％、厚生費1,000円','','本指名3,000円','','可能','可能','','',0,0,0,0,0,0,0,0,1,0,'',0,'2018-04-15 22:29:18','2018-04-15 22:31:30',NULL,NULL,1,NULL),(1385,'ロイヤルガーデン','関内',3,10,'20:00～3:00',NULL,'日曜日','','10000円','3000円','','','','','可能','3:00～','','','500円',NULL,'１０％、厚生費500円','','','','','','','',0,0,0,0,0,0,0,0,1,0,'',0,'2018-04-19 23:14:07','2018-04-19 23:14:07',NULL,NULL,0,NULL),(1386,'コーラルリーフ','関内',4,10,'20:00～1:00',NULL,'土日祝日','','4000円','3500円','3500円','','','','可能','1:00','','','700円',NULL,'','','','','','','','',0,0,0,0,0,0,0,0,1,0,'',0,'2018-04-19 23:16:16','2018-04-19 23:17:44',NULL,NULL,0,NULL),(1387,'バラッカ','関内',4,10,'２０：００～１：００',NULL,'土日祝日','','4000円','3500円','3500円','','','','可能','','','','500円',NULL,'10％、厚生費月3000円','','','','','','','',0,0,0,0,0,0,0,0,1,0,'',0,'2018-04-19 23:21:38','2018-04-19 23:21:38',NULL,NULL,0,NULL),(1388,'ラ・ヴァン','',3,8,'２１：００～１：３０',NULL,'日曜日、祝日','有り','35000円','7000円','10000円','希望額','10000円','10000円','不可','有り　50キロ～60キロ','','応相談','整っていればOK',NULL,'１０％、厚生費1,200円','15日　末日','同伴２０％\r\n本指名１０％','1','可能','','','',0,0,0,0,0,0,0,0,1,1,'',0,'2018-05-20 21:04:17','2019-03-22 22:37:35',NULL,NULL,0,''),(1389,'エルミネ','横浜',2,13,'19:00～1:00',NULL,'日曜日、祝日','','','5,000円','','','','','','','','','','横浜市港北区新横浜5-4-2　天満ビル　３F','','','','','','','','',0,0,0,0,0,0,0,0,1,0,'',0,'2018-05-20 21:07:56','2019-03-25 16:51:25',NULL,NULL,0,''),(1390,'コムデサロン','川崎',3,13,'',NULL,'水曜日','あり','5000円','３０００円','3500円','3500円','10000円まで可能','不可','あり','1時便、2時便、3時便','普通','なし','あり','川崎市川崎区砂子2-5-22高木ビルB1F','10% 厚生費1000円','末締めの20日払い','本指名:1000円\r\n場内指名:1000円\r\nドリンクバック:500円\r\nボトルバック:10%','なし','不可','可能','普通','貸し出し衣装で勤務\r\n(白と黒のワンピース)',0,0,0,0,0,0,0,0,1,1,'',0,'2018-05-20 21:09:30','2019-03-25 16:49:54',NULL,NULL,0,'5.7.10.12.15'),(1391,'加賀美','カガミ',4,4,'２０：００～１：００',NULL,'土日祝日','無し','8000円','3000円','5000円','3000円～5000円','5000円','不可','可能','有り','強い','女性により','有り','中央区銀座8-7-8GINZAエイトビル８階','10.21％','15日','同伴　5000円\r\n本指名　1000円～3000円\r\n場内指名　1000円\r\nドリンク　本指で1500円\r\n　　　　　場内で1000円\r\nボトルバック　50%～80%','無し','可能','可能','強い','クラブシステムとニュークラブシステム２つある\r\n\r\nSB５万～\r\n女子給10%',0,0,0,0,0,0,0,0,1,1,'',0,'2018-05-20 21:14:13','2019-03-25 15:59:24',NULL,NULL,0,''),(1392,'神田茶屋','神田',3,17,'18:00～01:00',NULL,'日曜、祝日','有り','10000円以上','3000円','4500円','3000円～6000円','10000円','可能','可能','有り','強い','無し','無し','内神田3-8-7　星座ビルB1F','税金10％　厚生500円','毎月20日','本指名500円（1時間毎）場内指名300円（1時間毎）同伴10％（～19:59迄の入店）本指名ボトル5～10％（分配50％以内の場合）','1つ','可能','可能','強い','',1,0,0,1,1,0,0,1,1,1,'',0,'2018-05-28 15:53:28','2019-06-16 22:27:02',NULL,NULL,0,'10日5万'),(1393,'M２','エムツー',3,11,'21：00～01：00',NULL,'日曜、祝日','','','','','','','','','','','有り','無し',NULL,'15％','前期分月末、後期分15日','本指名10％～20％（成績に応じて変動）\r\n場内1000円','','','','','',0,0,0,1,0,0,0,0,1,1,'',0,'2018-05-28 16:05:44','2018-05-28 16:05:44',NULL,NULL,0,NULL),(1394,'MILANO　CLUB','ミラノクラブ',3,4,'２０：００～２：００',NULL,'日曜日、祝日','有り','上限無し','時給／3500円','時給／4500円','決まり無し','可能','無し','可能','有り','強い','有り','有り',NULL,'有り','末締め15日払い','有り','4','30代まで','可能','強い','未成年可',0,0,0,0,0,0,0,0,1,0,'',0,'2018-05-28 16:19:53','2019-03-22 23:31:08',NULL,NULL,0,'10日出勤5万~'),(1395,'セカンド','セカンド',2,1,'20：00～02：00',NULL,'日曜、祝日','','','','','','','','','有り　500円　01：00便　02：00便','','無し','無し',NULL,'15％','翌出勤全額日払い','「Aパターン」\r\nリクエスト\r\n1本目5000円　毎時2000円\r\nステイ\r\n1本目2000円　毎時1000円\r\n同伴　1組5000円\r\n\r\n「Bパターン」\r\nリクエスト　一律1000円\r\n予約バック小計15％（22：00迄）\r\n以降小計10％\r\n同伴バック1組\r\n予約バック','','','可能','','',0,0,0,1,1,0,0,1,1,0,'',0,'2018-05-31 22:43:51','2018-06-11 22:26:42',NULL,NULL,0,NULL),(1397,'キングスマン','キングスマン',2,1,'月～水21:00～02:00木～金21:00～03:00or04:00',NULL,'日、祝日','有り','10000円','3000円','5000円','4000〜','翌日全額日払い','3000～','不可','有り02:00　03:00　04:00　23区内1000円　23区外1500円','強い','無し','無し','六本木7-14-11　ニイクラビル　7F','10％','翌日全額','本指名2000円\r\n場内指名2000円（毎時）\r\n予約バック小計15％\r\n同伴バック小計20％','2つ','不可','可能','弱い','未成年　不可',0,0,0,0,1,0,0,1,1,1,'',0,'2018-06-08 21:53:35','2019-06-16 22:26:48',NULL,NULL,0,'10日　10万'),(1398,'バーミリオン','五反田',3,10,'19：00～03：00',NULL,'','','7000円','3000円','','3000円～5000円','','','可能','有り　15キロ1000円　20キロ2000円　30キロ3000円','','無し','有り　無料',NULL,'雑費10％　厚生費1500円','15日　月末','本指名10％　同伴15％　場内500円　','','可能','','','',0,0,0,0,0,0,1,1,1,0,'',0,'2018-06-14 00:19:08','2018-06-22 20:19:30',NULL,NULL,0,NULL),(1399,'シエル','蒲田',3,32,'20：00～03：00or04：00',NULL,'','','5000円','3000円','3000円〜3500円','3000円～5000円','無し','無し','可能','有り　15キロ1000円　20キロ2000円　30キロ3000円','','無し','有り　無料','東京都大田区西蒲田7-5-12 新中央ビル3F','雑費10％　厚生費1500円','15日　月末','本指名10％　同伴15％　場内500円　','1','可能','可能','強い','',1,0,0,0,0,0,1,1,1,0,'',0,'2018-06-14 00:19:53','2019-03-28 16:26:35',NULL,NULL,0,'5.7.10.12'),(1400,'アラジン','アラジン',3,4,'月～火、土20：00～03：00水、木、金20：00～03：00',NULL,'日曜','有り','6000円','2500円','3500円','3000円~5000円','5000円　指名呼んだら1万円','期間を設けて可能','不可','東京都23区1000円~2000円','普通','基本的に無し　','有り　店舗で1000円','東京都港区新橋4-14-1新橋AUNビル2階','1000円　所得税10%','末締め翌月25日払い','ドリンクバックA200円(1500円のドリンク)\r\nドリンクバックB500円(3000円ドリンク、テキーラ、ワイン、グラスシャンパン)\r\n場内指名500円\r\n本指名1000円\r\n本指名延長バック250円(30分単位)\r\nボトルバック売値の10%\r\nフードバック売値10%(本指名のみ)\r\n同伴バック20:00~20:55まで(本指名、延長、ボトル、フード、ドリンクバック込み)15%\r\n21:00~21:55まで10%','同じビル6階','30歳まで','可能','普通','未成年可能',0,0,0,1,0,0,0,0,1,0,'',0,'2018-06-20 22:21:53','2019-08-12 19:01:10',NULL,NULL,0,'Aランク15万　Bランク10万　Cランク7万'),(1401,'道と','ミチト',4,4,'20:00～1:00',NULL,'土曜・日曜、祝日','無し','日給/50000','日給／30000','日給/30000〜35000','日給20000～','無し','無し','不可','無し','無し','有り','有り','東京都中央区銀座8-6-18ポルシェビル7階','','月末締め翌月15日払い','無し','無し','可能','可能','普通','未成年不可',0,0,0,0,0,0,0,0,1,0,'',0,'2018-06-20 22:29:12','2019-04-23 23:44:00',NULL,NULL,0,'女子給10%(永久)'),(1402,'クラブY','クラブワイ',6,4,'20:00～1:00',NULL,'土曜・日曜、祝日','無し','5000円','3000円','3500円','3000円~','5000円','無し','可能','無し','無し','遅刻15分単位1500円　当日欠勤時給分×3時間　無断欠勤時給分×5時間','有り','東京都中央区銀座8-5-19　4階','運営費総支給額に対して10%　厚生費1日500円　','末締め20日払い','同伴2000円','無し','可','可','普通','未成年可能',1,0,0,0,0,0,0,0,1,0,'',0,'2018-06-20 22:31:00','2019-08-12 18:59:20',NULL,NULL,0,'10日出勤3万~'),(1403,'グランクリュ','上野',3,1,'20：00～01：00（01：30）',NULL,'日曜、祝日','有り','上限なし','4000円','4000円','4000〜','10000円','可能','可能','有り　1000円～','強い','無し','有り','湯島　3-38-11　エスパス広小路5F','税金10％　厚生費1000円','前期、後期2回（振込）','場内1000円　本指名小計10％　同伴指名小計15％　\r\n※給率100％以上の場合バック無し','2つ','可能','可能','強い','売り上げスライド制\r\n4000円＝40万\r\n10万毎に500円UP',0,0,0,1,1,0,0,0,1,1,'',0,'2018-06-23 21:29:47','2019-04-28 19:49:26',NULL,NULL,0,'10日　7万　12万　15万'),(1405,'ラウンジ華','ラウンジハナ',2,12,'20：00～01：00',NULL,'日曜、祝日','','','5000円','','','10000円','','','有り　500円','','無し','',NULL,'税金10％　厚生費1500円','末締め15日　15日締め末払い','指名バック2000円　延長指名2000円　ボトルバック小計20％　シャンパンバック小計30％　ドリンクバック小計30％　同伴バック5000円　場内指名500円　場内延長指名500円　ドリンクバック20％','','','','','',0,0,0,1,0,0,0,1,1,1,'',0,'2018-06-23 21:40:08','2018-06-23 21:40:08',NULL,NULL,0,NULL),(1406,'サロン・ド・モットー','サロンドモットー',2,1,'21:00〜3:00',NULL,'日、祝','有り','上限なし','4000円','非公開','4000〜','全額日払い','可能','不可','有り','強い','無し','無し','六本木7-13-8　フュージョンビルB1F','店引き','全額日払い','リクエスト　1時間毎2000円\r\nステイ　1時間毎2000円\r\nリザーブ　小計10～20％\r\nアテンド　小計10～20％','','可能','可能','強い','未成年　可能',0,0,0,0,0,0,0,0,1,0,'',0,'2018-07-06 18:28:54','2019-04-28 19:49:08',NULL,NULL,0,'10日クリア　15万~'),(1407,'VIP','ビップ',4,1,'20:00～1:00',NULL,'土、日、祝','','13000円','5000円','6000円','5000円','5000円～15000円','','不可','有り　1000円～2000円','','遅刻、当欠','有り1500円','六本木　3-13-14　第三後藤ビル３F','税金10％　厚生費月5000円','末締め15日','同伴2000～5000円　本指名2000','','','','','元西麻布VIP',0,0,0,0,0,0,0,0,1,0,'',0,'2018-07-06 18:31:08','2019-03-25 16:41:49',NULL,NULL,1,''),(1408,'舞姫','マイヒメ',1,4,'21：00～06：00',NULL,'月曜日','','3000円','2500円','2500円','','15000円','','不可','','','無し','無し',NULL,'10％','末締め25日払い','指名1000円　同伴2000円（22：00迄の入店）ドリンク20％　ボトル20％','','','','','',0,0,0,1,0,1,0,1,1,0,'',0,'2018-07-10 19:24:04','2018-07-10 19:27:04',NULL,NULL,0,NULL),(1409,'ルーベル','ルーベル',3,1,'20：00～02：00',NULL,'日','','','4000円','6000円','5000円～','10000円','','','有り23区1500円','','遅刻30分/時給の1ｈ　当欠/時給の3ｈ　無欠/時給の5ｈ','','六本木3-10-9　三経28ビル　5F','10％　厚生費1000円','1日、11日、21日','同伴/5000円　本指名/10％　場内/1000円','','','','','',0,0,0,1,0,0,0,0,1,0,'',0,'2018-07-11 22:32:54','2019-03-25 16:32:11',NULL,NULL,0,''),(1410,'雅','ミヤビ',2,4,'20：30～05：00',NULL,'日曜','','','','','','','','','','','','',NULL,'','','','','','','','',0,0,0,1,0,0,0,0,1,0,'',0,'2018-07-24 21:42:06','2018-10-03 10:54:04',NULL,NULL,0,''),(1411,'moana','モアナ',1,11,'19：00～06：00',NULL,'無し','有り','2000円','1500円','1700円','1500円','3000円','可','可','無し','無し','無し','無し','東京都豊島区池袋1-38-7　MSビル1階','10％','末締め15日','本指名小計20％\r\nドリンク100円\r\n同伴2000円','5席','30歳まで','可','普通','私服',1,1,0,1,0,0,0,1,1,0,'',0,'2018-07-27 00:13:14','2019-04-13 00:11:21',NULL,NULL,0,'10日出勤4万~'),(1412,'ELS','イーエルエス',1,11,'19：00～06：00',NULL,'無し','有り','2500円','2000円','2300円','2000円','5000円','可','可','無し','無し','無し','無し','東京都豊島区池袋2-44-2　TISビルB2','無し','15日以降の出勤日に手渡し','本指名小計20％\r\nドリンク100円\r\n同伴2000円','無し','27歳まで可能','可','普通','ビキニで勤務',1,1,0,1,0,0,0,1,1,0,'',0,'2018-07-27 00:15:39','2019-08-12 18:57:12',NULL,NULL,0,'10日出勤3万~'),(1413,'JUNGLE TOKYO','ジャングルトウキョウ',3,1,'20：00～01：00',NULL,'土、日、祝日','無し','上限なし','7000円','6000円','10000円','可能','可能','応相談','有り','強い','','有り','六本木3-14-11　ケントスビル6F','2000円','月末締翌月20日','本指名2000円\r\n場内指名2000円\r\n同伴5000円\r\nボトル10％','','','','','',0,0,0,0,0,0,0,0,1,1,'',0,'2018-07-31 23:14:29','2019-04-28 19:47:09',NULL,NULL,0,'10日　25万　'),(1414,'Tera','テラ',2,1,'',NULL,'','','','','','','','','','','','','',NULL,'','','','','','','','',0,0,0,0,0,0,0,0,1,0,'',0,'2018-08-03 04:24:03','2018-11-15 18:21:33',NULL,NULL,0,''),(1415,'桜華','オウカ',2,2,'21:00〜3:00',NULL,'日、祝','有り','15000円','5000円','非公開','5000円','日給分の半分まで','','不可','有り','強い','無し','無し',NULL,'時給から10％','15日締め30日支払　30日締め15日支払','本指名　1500円\r\n同伴バック　5000円\r\n場内指名　1000円\r\nドリンクバック　500円\r\nボトルバック　10％～30％\r\nフードバック　10％\r\nシャンパンバック　10～30％\r\n','','可能','可能','強い','',0,0,0,0,0,0,0,0,1,1,'',0,'2018-08-03 17:52:15','2019-03-22 22:45:41',NULL,NULL,0,''),(1416,'花みずき','ハナミズキ',4,4,'20:00～1:00',NULL,'土日祝','無し','日給/12万','日給／25000','日給/35000','日給20000～','無し','無し','不可','無し','無し','多欠・契約日数に応じた欠勤ペナルティー有り','有り','東京都中央区銀座8-5-13　B1','日給に応じた厚生費3万~6万+互助会費1万','末締め15日','同伴バック有り','4','応相談','可能','普通','未成年不可',0,0,0,0,0,0,0,0,1,0,'',0,'2018-08-27 21:09:31','2019-08-12 18:56:30',NULL,NULL,0,'10日クリア買取りor女子給10%(永久)'),(1419,'CLUB シエロ ','クラブ シエロ ',3,9,'21:00〜5:00',NULL,'年中無休','土曜日営業','4500','3000','3500','3000〜4000','相談に応じて可能','なし','ランク次第で可能','あり、2:00便のみ','普通 15キロ圏内','なし','あり  500円',NULL,'15%厚生費1500','30日締め15日払い','ドリンクバック 200円〜600円\r\n場内指名 500円\r\n本指名 1000円','1','35歳','可能','強い','',0,0,0,0,0,0,0,0,0,0,'',0,'2018-08-28 16:09:42','2018-08-28 16:09:42',NULL,NULL,0,NULL),(1420,'VELVET','ベルベット',2,25,'20:00〜03:00（週末04:00）',NULL,'日曜日、祝日','','9000円','3500円','5000円','3000円','時給分全額日払い','可能','可能','有り1000円〜15000円','','無し','無し',NULL,'15%','月末締め翌25日','リクエスト1000円〜2000円\r\nドリンク200円〜600円\r\nフード20%\r\nボトル20%〜30%\r\n同伴3000円〜5000円','4卓','','','','',1,1,1,1,0,0,1,1,1,0,'',0,'2018-08-28 18:20:42','2018-08-28 18:24:47',NULL,NULL,1,NULL),(1421,'アルファ','アルファ',1,29,'20:00~06:00',NULL,'無し','有り','4000円','1500円','2000円','2000円','','可能','可能','有り','','無し','無し',NULL,'10%','','','','','','','',1,1,0,1,0,0,0,1,1,0,'',0,'2018-08-28 18:23:56','2018-08-29 00:04:30',NULL,NULL,0,NULL),(1422,'花とみつばち','ハナトミツバチ',3,1,'20:00～1:00',NULL,'日、祝','有り','15000円','6000円','6000円','6000～上限なし','可能','可能','応相談','有り','強い','無し','自由','六本木5-1-7ストリートビル5F','10％','','本指名バック　2000　1時間毎\r\n場内指名　1000　1時間毎\r\n同伴バック　10000\r\n','2つ','可能','可能','強い','',0,0,0,0,0,0,0,0,1,1,'',0,'2018-08-28 20:25:51','2019-06-16 22:24:59',NULL,NULL,0,'永久10%'),(1423,'GP2','ジーピーツー',3,25,'20：00～03：00（週末04：00）',NULL,'日曜','有り','上限なし','5000円','6000円','5000円','10000円','不可','可能','有り　1000円～','','無し','有り',NULL,'所得税10％ヘアメイク+厚生費2000円','月末締め翌月末払い','本指名1000円\r\n場内500円\r\n同伴3000円～8000円\r\nドリンク200～400円\r\nボトル20％～40％\r\nフード30％','2室','','','','',1,0,0,1,0,0,0,1,1,0,'',0,'2018-08-28 23:41:52','2018-08-29 16:33:14',NULL,NULL,1,NULL),(1424,'Nanase','ナナセ',3,25,'19：00～02：00',NULL,'日曜、祝日','有り','上限なし','5000円','6000円','4000円','10000円','不可','可能','有り1000円～2000円','','無し','有り',NULL,'所得税10.21％厚生費+ヘアメ3000円','15日、月末','ドリンク300円～1000円\r\n本氏名1000円\r\n場内500円\r\n同伴5000円','2室','','','','10月オープン予定',1,0,0,1,0,1,0,1,1,1,'',0,'2018-08-29 00:01:30','2018-08-29 00:01:30',NULL,NULL,1,NULL),(1425,'ATHENA','アテナ',3,25,'21：00～01：00（Max05：00）',NULL,'土、日','','4000円','','','','','','','','','','',NULL,'','','','','','','','',0,0,0,0,0,0,0,0,1,0,'',0,'2018-08-29 23:47:53','2018-08-29 23:47:53',NULL,NULL,0,NULL),(1426,'Club lenu','レーヌ',3,16,'20：00～01：00',NULL,'無し','有り','上限なし','4000円','5000円','4000円','10000円','','可能','有り1000円～3000円','','前欠時給3時間　当欠5時間　無欠時給に10倍','有り','東京都台東区上野2丁目13-1','','週払い','','','','','','時給or小計40％で高い方が給料となります',1,0,1,1,1,0,0,1,1,0,'',0,'2018-08-31 22:16:22','2019-06-07 19:20:24',NULL,NULL,1,'8.10.12'),(1427,'PASHA','パシャ',3,16,'20：00～01：00',NULL,'日曜','有り','¥11.000','¥3.500','¥4.500','¥4.000～','¥5.000～¥10.000','無し','可能','有り　1000円～','普通','当欠時給×5時間　遅刻15分日給の15％','有り1000円','東京都文京区湯島3丁目42-6上野ホリビルB1','10.21％　厚生費1000円　保険料1000円（月一）','週払い','本指名1000円\r\n場内500円\r\n同伴1500円','1','可能','','','',1,0,1,1,0,1,1,0,1,0,'',0,'2018-09-03 22:57:43','2019-06-08 14:21:07',NULL,NULL,1,'8.10.12'),(1428,'FOURTY FIVE','フォーティーファイブ',3,8,'20:00〜1:30',NULL,'日曜日','','','5000','8000〜9000','ASK','5000〜10000','不可能','無し','1000円〜5k毎+500円','','','',NULL,'10.21% 厚生費1200円','','','','','','','送り\r\n2:00〜2:30 5便\r\nペナ\r\n遅刻10分毎に日給の10%\r\n当欠時給×4時間分\r\n無欠時給×10時間分\r\n\r\n半期毎ポイントor給率',0,0,0,1,0,0,0,0,0,0,'',0,'2018-09-11 17:53:05','2018-09-11 19:05:42',NULL,NULL,1,NULL),(1429,'NOW','ナウ',3,8,'20:00〜1:50',NULL,'日曜日','','','5000〜','5000円','5000円','5000円','','無し','2:00〜2:30 700円〜','','当欠、無欠、遅刻','有り',NULL,'交際費1300円 10.21%','1〜15が月末、16〜末までは翌月15日','','','','','','',0,0,0,0,0,0,0,0,0,0,'',0,'2018-09-11 20:16:12','2018-09-11 20:16:12',NULL,NULL,0,NULL),(1430,'bloom','ブルーム',7,12,'20:00～1:00',NULL,'土日祝日','無し','2500円','2000円','2000円','2000円','可能','可能','可能','有り','普通','無し','無し','赤阪3-11-19　UFビル4F','','','同伴3000円\r\n予約2000円\r\n','','','','','',0,0,0,0,0,0,0,0,1,0,'',0,'2018-09-21 16:13:47','2019-04-28 19:32:11',NULL,NULL,0,'10日クリア　5万'),(1431,'レマーネ','',3,1,'1部3：00～9：00　2部10：00～18：00',NULL,'月曜日','','','','1部6000　2部3000','','','','','','','','',NULL,'15％　厚生費1000円','','','','','','','',0,0,0,0,0,0,0,0,0,0,'',0,'2018-09-21 20:39:51','2018-09-21 20:41:37',NULL,NULL,0,NULL),(1432,'卑弥呼','ヒミコ',6,4,'',NULL,'','','','','','','','','','','','','',NULL,'','','','','','','','',0,0,0,0,0,0,0,0,0,0,'',0,'2018-10-08 18:03:07','2018-10-08 18:03:07',NULL,NULL,0,''),(1433,'松屋','マツヤ',6,4,'',NULL,'','','','','','','','','','','','','',NULL,'','','','','','','','',0,0,0,0,0,0,0,0,0,0,'',0,'2018-10-08 18:03:28','2018-10-08 18:03:28',NULL,NULL,0,''),(1434,'PIAGET','ピアジェ',3,1,'19：00～01：00',NULL,'土、日、祝','','5500円','2000円','','','5000円～1000円','','可能','有り','','無し','無し',NULL,'10％','末締め15日払い','ドリンクバック300円～500円\r\nワイン＆シャンパン10％\r\n同伴4000円\r\n本指名2000円\r\n場内指名1000円','','','','','',0,0,0,0,0,0,0,0,1,1,'',0,'2018-10-10 01:31:28','2018-10-10 21:50:25',NULL,NULL,0,''),(1435,'LINK','リンク',6,4,'20:00～01:00',NULL,'土、日、祝','無し','3000','2500','3000円','2500円','応相談','不可','可能','無し','無し','無し','無し','中央区銀座7-3-14月光ビル２F','10%','月末締め15日払い','ドリンクバック300円\r\nボトル10％\r\n売上小計10％\r\n同伴2000円','無し','可能','不可','弱い','SB５万',1,0,0,0,0,0,0,1,1,0,'',0,'2018-10-25 14:36:32','2019-03-25 15:57:42',NULL,NULL,0,''),(1437,'QueensClub','クイーンズクラブ',3,16,'20:00～1:00',NULL,'無','','上限無し','4000円','5,000','4000円','10,000まで','','可能','有り','','無し','','東京都台東区上野4丁目４－４セブンイレブン上野4丁目中央通り店7階','','','','','','','','',0,0,0,0,0,0,0,0,1,0,'',0,'2018-10-26 18:01:52','2019-06-08 14:20:33',NULL,NULL,1,'8.10.12'),(1438,'SEA SIDE ANNEX','シーサイドアネックス',2,11,'19:00～01:00',NULL,'月曜日','有り','','','3000円～4000円','3000円～4000円','5000円','','','有り500円～','','無し','有り1000円',NULL,'10％　厚生費1000円','月末締め15日払い','ボトルバック小計30％','','','','','',0,0,0,1,0,0,0,1,1,1,'11月末オープン予定',0,'2018-10-29 22:27:37','2018-10-29 23:41:29',NULL,NULL,0,''),(1439,'ミラージュ','ミラージュ',2,11,'19:00～05:00',NULL,'月曜日','','','','','','','','','','','','',NULL,'','','','','','','','シーサイドアネックスの個室カラオケ',0,0,0,0,0,0,0,1,1,1,'',0,'2018-10-29 23:43:53','2018-10-29 23:43:53',NULL,NULL,0,''),(1440,'Ork','オーク',3,8,'21:00～last',NULL,'日曜日','','','','','','10000円','','不可','有り　1000円～','','応相談','',NULL,'－5000から10.21％　厚生費1200円','','本指名小計10％（給率）\r\n同伴小計20％（給率）\r\n場内500円/本（ポイント、給率）\r\n延長バック小計10％（給率）\r\nドリンクバック小計10％（給率）\r\nボトルバック小計10％（給率）\r\nフードバック小計10％（給率）\r\nシャンパンバック小計10％\r\n\r\n※時給変動システム\r\nポイント、給率、売上のいずれか','','','','','',0,0,0,0,0,0,0,0,1,1,'11/27オープン予定',0,'2018-10-30 14:52:49','2018-11-08 21:15:51',NULL,NULL,0,''),(1441,'Caran','カラン',2,2,'20：30～',NULL,'土日祝','有り','上限なし','5000円','5000円','4000〜','可能','可能','可能','有り','強い','無し','無し','西麻布2-25-23　バルビゾン27　２F','20％','全額日払い','指名、同伴\r\n1組、時給1000円UP\r\n2組、時給1500円UP\r\n3組、時給2000円UP\r\nリクエスト2000円\r\n指名小計10％\r\n同伴小計20％','2つ','','可能','強い','',0,0,0,0,0,0,0,0,1,1,'',0,'2018-10-30 14:53:46','2019-04-28 19:31:47',NULL,NULL,0,'10日　15万~'),(1442,'L','エル',2,2,'20:00～01:00',NULL,'日曜、祝日','有り','上限なし','4000円','非公開','4000〜','可能','可能','不可','有り','強い','無し','無し','西麻布2-25-15　ミストラルポイントビル　9F','15％+手数料500円','翌出勤全額日払い','本指名3000円\r\n場内指名3000円（指名中の時間時給1000円UP）\r\n予約バック小計20％\r\n同伴3000円\r\n','','可能','可能','強い','',0,0,0,0,0,0,0,0,1,1,'',0,'2018-11-06 22:21:12','2019-04-28 19:31:04',NULL,NULL,0,'15日クリア　15万~'),(1443,'プラネッツ','',6,4,'20：00～24：00',NULL,'土日、祝日','無し','4000円','3000円','3000円','3000円','応相談','不可','可能','無し','','無し','無し',NULL,'10%','','無し','無し','可能','不可','弱い','',0,0,0,0,0,0,0,0,1,0,'',0,'2018-11-09 14:16:37','2019-03-22 22:28:54',NULL,NULL,0,''),(1444,'Angesty','アンジェスティ',3,30,'',NULL,'','','','','','','1h×1000円　（5000円迄）','','','','','遅刻30分1500円当日欠勤20000円無断欠勤40000円前日欠勤10000円','有り1000円',NULL,'10％管理費5％厚生費1000円','翌月15日払い','本指名1500円\r\n場内指名500円\r\n延長指名250円（30分）\r\nドリンクバック小計40％\r\n同伴バック3000円','','','','','',0,0,0,0,0,0,0,0,1,0,'',0,'2018-11-09 14:24:30','2019-02-04 20:44:30',NULL,NULL,0,''),(1446,'花組','ハナグミ',1,4,'20：00～03：00',NULL,'土日、祝日','無し','4000円','3000円','3500円','3000円','応相談','不可','可能','無し','無し','無し','無し','中央区銀座7-3-9丸源14ビル２F','10%','','ドリンクバック500円','無し','不可','不可','弱い','SB一勤2000円～',1,0,0,0,0,0,0,0,1,0,'',0,'2018-11-13 14:23:31','2019-03-25 15:56:24',NULL,NULL,0,''),(1447,'珠々','ジュジュ',7,1,'21:00～04:00',NULL,'日曜、祝日','','','2000円','','2000円','全額日払い','','可能','無し','','無し','無し',NULL,'','','同伴時給一時間分','','','','','',1,1,0,1,0,0,0,1,1,0,'',0,'2018-11-20 13:13:39','2019-02-04 21:03:26',NULL,NULL,0,'10日クリア3万円～'),(1448,'CLUB SIX','クラブシックス',2,4,'20:00～1:00',NULL,'土日祝日','無し','20000円','5000円','5000円','5000円','時給分全額日払い','','可能','23区1000円　23区外応相談','','','無し',NULL,'10％','','本指名(同伴)：3000円＋小計10~20%\r\n（1日から15日は31日支払い。\r\n16日から31日は翌月15日支払い。）','3室','','可能','','',1,1,0,0,1,0,0,0,1,1,'',0,'2019-01-09 22:46:01','2019-02-04 21:03:57',NULL,NULL,1,''),(1449,'BOND','ボンド',3,16,'',NULL,'','','','','','','','','','','','','','東京都文京区湯島3丁目40－7カスタムビル5階','','','','','','','','',0,0,0,0,0,0,1,0,1,0,'',0,'2019-02-02 18:00:36','2019-06-08 14:15:39',NULL,NULL,0,'6.8.10'),(1451,'TERRACE','テラス',2,1,'20:00~1:00　個室3:00',NULL,'日曜日','有り','上限なし','5000円','非公開','4000〜','可能','可能','可能','有り','強い','無し','無し','六本木7-13-7　４F','所得税10％　厚生費5％','翌日全額','Aパターン\r\nリクエスト 1組 3000(1組につき/時給500up)\r\nステイ 1組 3000\r\n予約バック 10%〜 原則として予約者のみ\r\n同伴バック 15%(21:00まで)以降 10%〜\r\n\r\nBパターン\r\nリクエスト 1組3000/1000(毎時)\r\nステイ 1組 4000\r\n同伴バック 1組 8000','3つ','可能','可能','強い','未成年　不可',0,0,0,0,0,0,0,1,1,1,'',0,'2019-02-02 18:06:42','2019-04-28 19:30:40',NULL,NULL,0,'10日20万'),(1452,'TING TING','ティンティン',7,16,'20:00～25:00',NULL,'日曜日','','','','','','','','可能','','','','',NULL,'','','','','','','','',1,0,0,0,0,0,0,0,1,0,'',0,'2019-02-02 18:28:03','2019-02-02 18:28:03',NULL,NULL,0,''),(1453,'ラボンナ','',3,4,'',NULL,'','','','','','','','','','','','','',NULL,'','','','','','','','',0,0,0,0,0,0,0,0,1,1,'',0,'2019-02-02 18:32:20','2019-02-02 18:32:20',NULL,NULL,0,''),(1454,'FOXEY','フォクシー',3,13,'19:00～2:00',NULL,'日曜日','有り','¥10.000','¥3.500','¥4.500','¥4.000～','¥10.000まで','無し','有り','有り','普通','無し','¥1.000','','¥0','15日','','無し','可','可','強い','',0,0,0,0,0,0,0,0,1,0,'',0,'2019-02-04 21:20:24','2019-04-01 15:46:06',NULL,NULL,0,''),(1455,'SCARLET','スカーレット',3,19,'20:00〜3:00',NULL,'日曜日','あり','5000円','3000円','3500円','3000〜4000円','10000円まで','10000円まで','可能','ラスト便のみ','普通','なし','あり','東京都品川区東五反田1-23-6 ロゼビルB１F','10%厚生費2000円(ヘアメ含めて)','末締めの15日払い','本指名:10%\r\n同伴:15%\r\n場内指名:500円','1','可能','可能','強い','2019年3/1オープン\r\n五反田では、高級店\r\nランク低め',1,0,1,1,1,1,1,0,1,1,'',0,'2019-02-05 13:25:42','2019-03-28 16:23:14',NULL,NULL,0,'5.7.10.12'),(1456,'beyond','ビヨンド',1,12,'20:00〜5:00',NULL,'日、祝','有り','2500','1500','2000','1500～','可能','可能','可能','無し','無し','無し','','赤阪3-10-14　赤阪フォディアビル　3階','15万以上の所得から10.21%発生','','ドリンク ¥100\r\n            同伴¥3000 指名500+小計10%','無し','可能','不可','強い','未成年　可能',0,0,0,0,0,0,0,0,1,0,'',0,'2019-02-14 17:07:09','2019-06-16 22:20:19',NULL,NULL,0,'10日　5万'),(1457,'FUJIKO','フジコ',2,4,'19:00～01:00',NULL,'土曜・日曜・祝日','有り','時給/1万以上','時給／4000円','時給/5000円','時給/4000円','5000円単位で日払い可能','不可','可能','有り','普通','無し','無し','東京都中央区銀座8-4-2たくみビル7階','10％','末締め20日払い','本指名5000円　場内指名3000円　同伴時給1000円アップ','1','可能','可能','弱い','未成年可能',1,0,0,0,0,0,0,1,1,1,'',0,'2019-02-19 13:19:09','2019-08-12 18:54:36',NULL,NULL,0,'1勤務2000～'),(1458,'BOX','ボックス',2,2,'20:00～1:00',NULL,'土日祝日','無し','8000円','2000円','4000円','3000円～','','','','','','無し','','西麻布2-25-18　麻布パレスビルB1F','','','','','','','','元Fラウンジ',0,0,0,0,0,0,0,1,1,0,'',0,'2019-02-28 20:38:58','2019-03-25 16:16:06',NULL,NULL,0,''),(1459,'CYNTYIA','シンシア',2,1,'20:00～1:00','a','日祝','有り','10000円','3000円','4000円','3000~4000円','可能','5000～10000円','不可','1日2便　1:30','強い','当日欠勤17時以降5000　20時以降10000円','','六本木3‐9‐5　ゼックスバウム館　1F','15％','末締め翌月25日','同伴21:00まで5000円\r\n22時まで4000円\r\nそれ以降3000円\r\n自客3000円＋小計20％\r\n店客の来店予定の報告で2000円バック\r\n場内指名1000円','なし','不可','可能','強い','',0,0,0,0,0,0,0,0,1,0,'',0,'2019-02-28 20:40:08','2019-03-25 16:12:35',NULL,NULL,0,''),(1460,'Groove','グルーヴ',2,1,'20:00～01:00',NULL,'日祝','有り','15000円','4000円','4000円','3000円','要相談','要相談','可能','有り','23区内500円　23区外1000円～','無し','無し','東京都港区5-3-1　第2レーヌビル2階','厚生費15％','翌出勤日に全額日払い','指名3000円\r\n同伴3000円\r\n同伴5000円\r\n誘客　\r\n新規小計20％\r\n既存小計15％\r\n20:00～21:00入店の\r\n誘客、同伴は小計30％','2つ','ランク良ければ年齢制限なし','可能','普通','',1,0,0,1,1,0,0,1,1,1,'',0,'2019-04-01 20:06:26','2019-05-14 18:44:27',NULL,NULL,1,'20.30.40'),(1461,'K','ケー',1,29,'21:00～06:00',NULL,'無し','有り','','','','','','','可能','有り','23区内1000円～','','','東京都台東区西浅草3-1-9　松井ビル2階','','','','','','','','',1,0,0,1,0,0,0,0,1,0,'恵比寿　ラヴィアスの系列',0,'2019-04-01 20:17:57','2019-06-07 19:21:42',NULL,NULL,0,''),(1462,'Y','ワイ',1,6,'20:00～6:00',NULL,'無し','有り','','','2000円','','','','不可','','','','','東京都目黒区中目黒2-14-2橋爪ビルB1','','','','','','','','',0,0,0,1,0,0,0,0,1,0,'',0,'2019-04-01 20:24:11','2019-06-07 19:24:17',NULL,NULL,0,''),(1463,'club LuLu','ルル',3,43,'月火水土20:00～02:00　木金20:00～03:00',NULL,'日曜日','有り','4000円','2500円','3000円','3000円～4200円','5000円','不可','可能','有り　01:00　02:00　03:00　1000円～1500円','23区内1000円～','悪質でなければ基本無し','有り','','所得税10％　厚生費1500円（ヘアメ込み）','翌月20日','本指名200円～2000円\r\n場内200円～1000円\r\n同伴10％～20％\r\nドリンクバック指名のみ10％\r\nボトルバック指名のみ10％','無し','可能','可能','強い','未経験でもランク悪くても\r\n週4～出勤出来る子\r\n平均年齢20代後半MAX43歳\r\nSB５～１０万（応相談）',0,0,0,1,0,0,0,0,1,0,'',0,'2019-04-06 20:41:29','2019-06-12 14:55:10',NULL,NULL,0,''),(1464,'花友禅','ハナユウゼン',3,4,'２０：００～１：００',NULL,'土日祝日','','','5000円～','','','','','','終電超えた場合のみ白タク半額支給','','無欠100パー 当欠24:00〜18:00まで50パー ヘアメ無 2000円 注意後発生','','銀座8-6-3新橋会館ビル2Ｆ','','','・バック\r\n指名バック 1本1,000円\r\n同伴バック 1ポイント2,000円\r\n※同伴ポイント計算は同伴で来店されたお客様÷同伴に行った女性のため１回で複数ポイントとなる場合もあります。','','','','','',1,0,0,0,0,0,0,0,0,0,'',0,'2019-04-06 21:06:29','2019-04-06 21:14:46',NULL,NULL,0,''),(1465,'Elegans＆Pretty','エレガンス　プリティ',3,4,'20:00～1:00',NULL,'土日祝日','','','5000円～','','','','','','終電超えた場合のみ白タク半額支給','','無欠100パー 当欠24:00〜18:00まで50パー ヘアメ無 2000円 注意後発生','','銀座7-7-6アスタープラザビル5F',' 800円 ヘアメ:グループ内1500円','','','','','','','',1,0,0,0,0,0,0,0,0,0,'',0,'2019-04-06 21:18:21','2019-04-06 21:23:15',NULL,NULL,0,''),(1466,'TENKU','テンクウ',3,4,'20:00～1:00',NULL,'土日祝日','','','5000円～','','','','','可能','終電超えた場合のみ白タク半額支給','','無欠100パー 当欠24:00〜18:00まで50パー ヘアメ無 2000円 注意後発生','有り1500円','銀座7-8-6Y.D.Yギンザビル5F','800円 ヘアメ:グループ内1500円 ※予約制 日給から雑費引いた正規の所得税','','指名バック 1本1,000円\r\n同伴バック 1ポイント2,000円\r\n※同伴ポイント計算は同伴で来店されたお客様÷同伴に行った女性のため１回で複数ポイントとなる場合もあります。','','','','','',1,0,0,0,0,0,0,0,0,0,'',0,'2019-04-06 21:33:19','2019-05-30 19:45:35',NULL,NULL,1,''),(1467,'撫子','ナデシコ',3,4,'20:00～1:00',NULL,'土日祝日','','','5000円～','','','可能','応相談','可能','終電超えた場合のみ白タク半額支給','','無欠100パー 当欠24:00〜18:00まで50パー ヘアメ無 2000円 注意後発生','有り1500円','中央区銀座7-8-15第2新橋会館4F ','他 800円 ヘアメ:グループ内1500円 ※予約制 日給から雑費引いた正規の所得税','','バック\r\n指名バック 1本1,000円\r\n同伴バック 1ポイント2,000円\r\n※同伴ポイント計算は同伴で来店されたお客様÷同伴に行った女性のため１回で複数ポイントとなる場合もあります。','','','','','',1,0,0,0,0,0,0,0,0,0,'',0,'2019-04-06 21:39:44','2019-06-08 14:32:22',NULL,NULL,1,''),(1468,'Ariel','アリエル',3,1,'21:00〜3:00　金曜、祝前日4:00',NULL,'日、祝日','有り','8000円','3000円','5000円','3000円～','可能','可能','応相談','有り','強い','遅刻、当欠、無欠','有り','東京都港区六本木3-10-11青木ビル3階','所得税10％　厚生費2000円','末締め15日','ドリンク　200~600\r\n本指名、場内\r\n5本~10本　500円\r\n11本~20本　1000円\r\n21本~　1500円\r\n同伴バック\r\n21:00~22:00　4000円\r\n22:00~23:00　2000円\r\n延長指名バック\r\n1時間毎　1000円\r\nボトルバック\r\n10%\r\n売上バック\r\n小計70万~　　5％\r\n','2つ','ランク良ければ年齢制限なし','不可','普通','',0,0,0,0,0,0,0,0,0,0,'',0,'2019-04-28 19:22:02','2019-06-05 17:28:38',NULL,NULL,0,'10日　6万　8万　10万'),(1469,'妃翠','ヒスイ',3,1,'20:00～01:00',NULL,'日祝','有り','上限無し','4,000円','7000円','4000円~8000円','5000円~1万円','不可','不可','有り　02:00　04:00','強い','無断欠勤50000円','有り　店舗で1500円','東京都港区六本木3-13-14　ゴトウビル2階','所得税10％　厚生費1000円','15日締め30日払い　30日締め15日払い','同伴20:00～21:00売上15%~30％\r\n同伴21:00～22:00売上10%~20％\r\n同伴22:00以降売り上げ7%~15%\r\n\r\n本指名一律10％','2','応相談','可','普通','未成年可能\r\n200%から時給2000円ダウン\r\n(リニューアル前は150%からダウン)\r\n',0,0,1,1,1,0,0,0,1,1,'2019年8/1~OPEN',0,'2019-05-14 18:34:24','2019-08-12 18:53:02',NULL,NULL,0,'買取30万+10日間の小計10％　一勤3000円～10000円'),(1470,'⚠ミラコスタ','',2,1,'',NULL,'','','','','','','','','','','','','','','','','','','','','','',0,0,0,0,0,0,0,0,1,1,'',0,'2019-05-14 18:45:13','2019-05-14 18:45:13',NULL,NULL,0,''),(1471,'⚠888','ハチミツ',2,1,'',NULL,'','','','','','','','','','','','','','','','','','','','','','',0,0,0,0,0,0,0,0,1,0,'',0,'2019-05-14 18:45:39','2019-05-14 18:45:39',NULL,NULL,0,''),(1472,'⚠ヴェネチアン裏新店舗','',2,12,'',NULL,'','','','','','','','','','','','','','','','','','','','','','',0,0,0,0,0,0,0,0,1,0,'',0,'2019-05-14 18:47:42','2019-05-14 18:47:42',NULL,NULL,0,''),(1473,'⚠ファブリック','',2,8,'',NULL,'','','','','','','','','','','','','','','','','','','','','','',0,0,0,0,0,0,0,0,1,0,'',0,'2019-05-14 18:48:28','2019-06-08 14:23:21',NULL,NULL,0,''),(1474,'GARDEN','ガーデン',3,13,'20:00〜2:00',NULL,'日曜日','あり','7000','4000','5000','4000','応相談','なし','あり','範囲30キロ圏内 時間帯24:30〜','普通','なし','なし','','10%  ヘアメ厚生費合わせて2000円','末締め20日払い','【場内指名】 500円\r\n【本指名】1時間毎 1000円\r\n【同伴バック】20:00まで来店3000円 21:00まで2000円、21:00以降1000円\r\n【延長バック】 本指名で延長とると1000円\r\n【ドリンクバック】\r\n100〜250円\r\n【ボトルバック】 \r\n','3','19〜35歳','可能','身分証が揃えばいける','',1,0,1,1,1,1,0,1,1,1,'',0,'2019-05-14 18:49:00','2019-06-08 14:48:56',NULL,NULL,0,''),(1476,'⚠バーブロック','',1,12,'20:00～04:30',NULL,'土、日','','1500円','1400円','','','','','','','','無し','','赤坂3-21-11　3階','','','ドリンクバック100円～\r\n','','','','','',1,0,0,0,0,0,0,0,1,0,'',0,'2019-06-05 17:26:54','2019-06-16 22:23:11',NULL,NULL,0,'10日クリア5万'),(1477,'BURJ','バージュ',2,1,'21:00~25;00',NULL,'日曜日、祝日','有り','15000円','2500円','5000円','2500円~','可能','可能','不可','有り','普通','基本的に無し','基本的に無し','東京都港区六本木7-14-2　B1','所得税10%　厚生費500円','10日　20日　末日','売上げによる時給up','1','応相談','可','普通','未成年可能',0,0,0,0,0,0,0,0,1,0,'',0,'2019-07-09 22:13:42','2019-08-12 20:02:11',NULL,NULL,0,'10日出勤7万~'),(1478,'らどんな','ラドンナ',3,4,'20:00～01:00',NULL,'土、日、祝日','無し','8000','3000','4000','3000','5000','不可','可能','有り','','無し','有り','東京都中央区銀座8-5-6　中島商事ビルB1','10.21％+１ヵ月に5000','月末締めの翌月13日','指名、同伴、ドリンク、ボトル','無し','可能','可能','強い','',1,0,0,0,1,0,1,1,1,1,'',0,'2019-07-10 22:36:05','2019-07-13 17:37:05',NULL,NULL,0,''),(1479,'ラズリ','ラズリ',1,9,'',NULL,'','','1500','1500','1500','1500','','','','','','','','東京都渋谷区道玄坂1丁目6－2　ファイブビル4階','','','ドリンクバック300円\r\n本指名1000円\r\n場内指名500円\r\n同伴2000円\r\nボトルバック15％（本指名のみ）\r\n','無し','','','','',0,0,0,1,0,0,0,1,1,1,'',0,'2019-08-04 19:15:16','2019-08-04 19:15:16',NULL,NULL,0,''),(1480,'⚠チケッツ新店','',2,3,'月曜日～水曜日21:00～02:00木曜日～金曜日21:00～03:00',NULL,'土、日、祝','','','','','','','','','有り１時、２時、３時','','','','','','','①本指名5000円\r\n場内3000円\r\n延長30分500円\r\n21:00～23:00\r\n小計バック5％～10％\r\nボトルバック10％\r\n②予約客同伴客\r\n小計30％\r\n予約なしの保証は指名5000円\r\n\r\n選べる','','','','','',0,0,0,0,0,0,0,1,1,0,'',0,'2019-08-06 12:19:11','2019-08-06 12:19:11',NULL,NULL,0,'');
/*!40000 ALTER TABLE `bars` ENABLE KEYS */;
UNLOCK TABLES;

--
-- Table structure for table `categories`
--

DROP TABLE IF EXISTS `categories`;
/*!40101 SET @saved_cs_client     = @@character_set_client */;
/*!40101 SET character_set_client = utf8 */;
CREATE TABLE `categories` (
  `id` int(11) unsigned NOT NULL AUTO_INCREMENT,
  `name` varchar(255) DEFAULT NULL,
  `seq` int(11) DEFAULT NULL,
  PRIMARY KEY (`id`)
) ENGINE=InnoDB AUTO_INCREMENT=9 DEFAULT CHARSET=utf8;
/*!40101 SET character_set_client = @saved_cs_client */;

--
-- Dumping data for table `categories`
--

LOCK TABLES `categories` WRITE;
/*!40000 ALTER TABLE `categories` DISABLE KEYS */;
INSERT INTO `categories` VALUES (1,'ガールズバー',2),(2,'ガールズラウンジ',1),(3,'キャバクラ',3),(4,'クラブ',4),(5,'バニー',5),(6,'ミニクラブ',6),(7,'スナック',7),(8,'セクキャバ',8);
/*!40000 ALTER TABLE `categories` ENABLE KEYS */;
UNLOCK TABLES;

--
-- Table structure for table `images`
--

DROP TABLE IF EXISTS `images`;
/*!40101 SET @saved_cs_client     = @@character_set_client */;
/*!40101 SET character_set_client = utf8 */;
CREATE TABLE `images` (
  `id` int(11) unsigned NOT NULL AUTO_INCREMENT,
  `bar_id` int(11) DEFAULT NULL,
  `image` varchar(255) DEFAULT NULL,
  PRIMARY KEY (`id`)
) ENGINE=InnoDB DEFAULT CHARSET=utf8;
/*!40101 SET character_set_client = @saved_cs_client */;

--
-- Dumping data for table `images`
--

LOCK TABLES `images` WRITE;
/*!40000 ALTER TABLE `images` DISABLE KEYS */;
/*!40000 ALTER TABLE `images` ENABLE KEYS */;
UNLOCK TABLES;

--
-- Table structure for table `new_agreements`
--

DROP TABLE IF EXISTS `new_agreements`;
/*!40101 SET @saved_cs_client     = @@character_set_client */;
/*!40101 SET character_set_client = utf8 */;
CREATE TABLE `new_agreements` (
  `id` int(11) unsigned NOT NULL AUTO_INCREMENT,
  `bar_id` int(11) DEFAULT NULL,
  `image` varchar(255) DEFAULT NULL,
  `title` varchar(255) DEFAULT NULL,
  `content` text,
  `open_date` date DEFAULT '0000-00-00',
  PRIMARY KEY (`id`)
) ENGINE=InnoDB AUTO_INCREMENT=66 DEFAULT CHARSET=utf8;
/*!40101 SET character_set_client = @saved_cs_client */;

--
-- Dumping data for table `new_agreements`
--

LOCK TABLES `new_agreements` WRITE;
/*!40000 ALTER TABLE `new_agreements` DISABLE KEYS */;
INSERT INTO `new_agreements` VALUES (29,1298,NULL,NULL,NULL,'0000-00-00'),(31,1314,NULL,NULL,NULL,'0000-00-00'),(32,1312,NULL,NULL,NULL,'0000-00-00'),(33,1315,NULL,NULL,NULL,'0000-00-00'),(34,1311,NULL,NULL,NULL,'0000-00-00'),(35,1310,NULL,NULL,NULL,'0000-00-00'),(36,1309,NULL,NULL,NULL,'0000-00-00'),(37,1308,NULL,NULL,NULL,'0000-00-00'),(38,1307,NULL,NULL,NULL,'0000-00-00'),(39,1306,NULL,NULL,NULL,'0000-00-00'),(40,1305,NULL,NULL,NULL,'0000-00-00'),(41,1317,NULL,NULL,NULL,'0000-00-00'),(42,1313,NULL,NULL,NULL,'0000-00-00'),(43,1319,NULL,NULL,NULL,'0000-00-00'),(44,1320,NULL,NULL,NULL,'0000-00-00'),(45,1321,NULL,NULL,NULL,'0000-00-00'),(46,1323,NULL,NULL,NULL,'0000-00-00'),(47,1324,NULL,NULL,NULL,'0000-00-00'),(48,1325,NULL,NULL,NULL,'2017-05-01'),(49,1326,NULL,NULL,NULL,'2017-05-02'),(50,1327,NULL,NULL,NULL,'2017-05-03'),(51,1328,NULL,NULL,NULL,'0000-00-00'),(52,1329,NULL,NULL,NULL,'0000-00-00'),(53,1330,NULL,NULL,NULL,'0000-00-00'),(54,1331,NULL,NULL,NULL,'0000-00-00'),(55,1332,NULL,NULL,NULL,'0000-00-00'),(56,1333,NULL,NULL,NULL,'0000-00-00'),(58,1334,NULL,NULL,NULL,'0000-00-00'),(59,1335,NULL,NULL,NULL,'0000-00-00'),(60,1336,NULL,NULL,NULL,'0000-00-00'),(61,1337,NULL,NULL,NULL,'0000-00-00'),(62,1338,NULL,NULL,NULL,'0000-00-00'),(63,1339,NULL,NULL,NULL,'0000-00-00'),(64,1340,NULL,NULL,NULL,'0000-00-00'),(65,1341,NULL,NULL,NULL,'0000-00-00');
/*!40000 ALTER TABLE `new_agreements` ENABLE KEYS */;
UNLOCK TABLES;

--
-- Table structure for table `new_opens`
--

DROP TABLE IF EXISTS `new_opens`;
/*!40101 SET @saved_cs_client     = @@character_set_client */;
/*!40101 SET character_set_client = utf8 */;
CREATE TABLE `new_opens` (
  `id` int(11) unsigned NOT NULL AUTO_INCREMENT,
  `bar_id` int(11) DEFAULT NULL,
  `image` varchar(255) DEFAULT NULL,
  `title` varchar(255) DEFAULT NULL,
  `content` text,
  `open_date` date DEFAULT '0000-00-00',
  PRIMARY KEY (`id`)
) ENGINE=InnoDB AUTO_INCREMENT=52 DEFAULT CHARSET=utf8;
/*!40101 SET character_set_client = @saved_cs_client */;

--
-- Dumping data for table `new_opens`
--

LOCK TABLES `new_opens` WRITE;
/*!40000 ALTER TABLE `new_opens` DISABLE KEYS */;
INSERT INTO `new_opens` VALUES (46,1442,NULL,NULL,NULL,'2018-12-25'),(47,1441,NULL,NULL,NULL,'2018-12-11'),(50,1143,NULL,NULL,NULL,'2018-11-27'),(51,1448,NULL,NULL,NULL,'0000-00-00');
/*!40000 ALTER TABLE `new_opens` ENABLE KEYS */;
UNLOCK TABLES;

--
-- Table structure for table `news`
--

DROP TABLE IF EXISTS `news`;
/*!40101 SET @saved_cs_client     = @@character_set_client */;
/*!40101 SET character_set_client = utf8 */;
CREATE TABLE `news` (
  `id` int(11) unsigned NOT NULL AUTO_INCREMENT,
  `image` varchar(255) DEFAULT NULL,
  `title` varchar(255) DEFAULT NULL,
  `content` text,
  `url` varchar(255) DEFAULT NULL,
  `created` datetime NOT NULL,
  `modified` datetime NOT NULL,
  PRIMARY KEY (`id`)
) ENGINE=InnoDB AUTO_INCREMENT=5 DEFAULT CHARSET=utf8;
/*!40101 SET character_set_client = @saved_cs_client */;

--
-- Dumping data for table `news`
--

LOCK TABLES `news` WRITE;
/*!40000 ALTER TABLE `news` DISABLE KEYS */;
INSERT INTO `news` VALUES (1,NULL,'川崎オスカーキャンペーン','<div>【キャスト紹介】</div><div>●体験バック</div><div>&nbsp; &nbsp; &nbsp; &nbsp; 1万</div><div><br></div><div>●買取フィーアップ</div><div>・C：</div><div>&nbsp; &nbsp; &nbsp; &nbsp; 12万～15万</div><div>・C+：</div><div>&nbsp; &nbsp; &nbsp; &nbsp; 15万～20万</div><div>・Ｃ＋ダッシュ：</div><div>&nbsp; &nbsp; &nbsp; &nbsp; 20万～40万</div><div>・B- ：</div><div>&nbsp; &nbsp; &nbsp; &nbsp; 応相談</div><div><br></div><div><br></div><div>●在籍バック(買取発生翌月から)</div><div>・出勤6日で3万×6ヶ月</div><div><br></div><div>加えて</div><div><br></div><div>・売上小計5%×6ヶ月(30万以上売り上げた月のみ)</div><div><br></div><div><br></div><div>【男子スタッフ紹介】</div><div>20日出勤で、</div><div>・社員</div><div>&nbsp; &nbsp; &nbsp; &nbsp;10万</div><div>・アルバイトandドライバー</div><div>&nbsp; &nbsp; &nbsp; &nbsp;週4以上5万</div><div>&nbsp; &nbsp; &nbsp; &nbsp;週3以下3万</div>',NULL,'2019-01-25 18:37:38','2019-01-25 18:37:38'),(2,NULL,'★TERRACE・SBキャンペーン★','<div><span style=\"-webkit-text-size-adjust: 100%;\">・面接期間→2/15(金曜日)〜3/9(土曜日)</span><br></div><div><br></div><div>・体入期間→3月中締め</div><div><br></div><div>※期間内のキャンペーンとなります。</div><div>クリア日数は体入日別となります。</div><div><br></div><div><br></div><div>※18:30〜21:00(テラス面接可)</div><div>【21:00最終受付】</div><div>21:00以降の受け付けは2ndでの面接となります。ご注意下さい。</div><div><br></div><div>※面接時に混雑が予想されますので同行はNGとなります。(エントランスでの引き渡しになります)</div><div><br></div><div>---------------------------------</div><div><br></div><div>◆20万(10日クリア)</div><div>◆20→25万(10日クリア)</div><div>◆25→30万(10日15万、5日15万)</div><div>◆30→40万(10日20万、5日20万)</div><div>◆ASK(10日? 5日?)</div><div><br></div><div>◇ 本入店後の3日以内の調整は一律で3万円をお支払い致します。</div><div><br></div><div>--------------------------------</div><div><br></div><div>※キャンペーン中は最低買取りランクは20万ランクからとなります。</div><div>(15万ランクの採用も面接次第では買い取ります)</div><div><br></div><div><br></div><div>※過去面接</div><div>過去3ケ月以内の面接に関しては、3ケ月以内に連れてきて頂けたご紹介者への報酬対象となります。</div><div><br></div><div>※友達紹介</div><div>ご紹介頂けました友達紹介は、ご紹介者の方からご連絡があれば、紹介料は発生致しますので、是非、友達紹介がある場合は店側へご一報ください。</div>',NULL,'2019-02-12 23:40:46','2019-02-12 23:40:46'),(3,NULL,'西麻布Ｌ高ランクキャンペーン','<div><span style=\"-webkit-text-size-adjust: 100%;\">☆今回2/12〜3/12の１ヶ月間、高ランクキャンペーンを実施させていただきます‼️</span></div><div><br></div><div>・クリア日数12日で最大30万のSBをお渡し致します！！</div><div>■クリア日数</div><div>体入→2万</div><div>本入→3万</div><div>・20ランク</div><div>6日→10万</div><div>12日→10万</div><div>・25ランク</div><div>6日→10万</div><div>12日→15万</div><div><br></div><div><br></div><div>(15ランク→キャンペーン中は採用を控えさせて頂きます。お店側がどうしても採用したい子の場合は、特別に20ランクでご相談させて頂くこともありますのでよろしくお願い致します。)</div><div><br></div><div>■キャンペーン対象期間</div><div>2/12〜3/12迄に面接をさせて頂いた方！</div><div>体入は3/31まで、本入は4/15迄に来ていただいた方が対象になります。</div><div>予めご了承ください。</div><div><br></div><div>■面接受付時間</div><div>18:30〜22:00迄</div><div><br></div>',NULL,'2019-02-15 16:23:14','2019-02-15 16:23:14'),(4,NULL,'六本木ZOOスカウトバックキャンペーン','3月31日までの面接で<div>C+ダッシュ</div><div>W4以下25万～</div><div>W3以下20万～</div><div>になります</div><div>ランク査定は変わらず対応予定ですので</div><div>宜しくお願い致します。</div>',NULL,'2019-02-19 18:07:58','2019-02-19 18:07:58');
/*!40000 ALTER TABLE `news` ENABLE KEYS */;
UNLOCK TABLES;
/*!40103 SET TIME_ZONE=@OLD_TIME_ZONE */;

/*!40101 SET SQL_MODE=@OLD_SQL_MODE */;
/*!40014 SET FOREIGN_KEY_CHECKS=@OLD_FOREIGN_KEY_CHECKS */;
/*!40014 SET UNIQUE_CHECKS=@OLD_UNIQUE_CHECKS */;
/*!40101 SET CHARACTER_SET_CLIENT=@OLD_CHARACTER_SET_CLIENT */;
/*!40101 SET CHARACTER_SET_RESULTS=@OLD_CHARACTER_SET_RESULTS */;
/*!40101 SET COLLATION_CONNECTION=@OLD_COLLATION_CONNECTION */;
/*!40111 SET SQL_NOTES=@OLD_SQL_NOTES */;

-- Dump completed on 2019-08-15 11:54:18
